{
  "horizons": [
    {
      "horizon": "day",
      "n_train": 93959,
      "n_test": 23490,
      "win_rate_train": 0.16060196468672505,
      "win_rate_test": 0.15815240527884206,
      "accuracy": 0.5571306939123031,
      "precision": 0.1787086856264412,
      "recall": 0.5006729475100942,
      "auc": 0.5503963056798131,
      "confusion_matrix": [
        [
          11227,
          8548
        ],
        [
          1855,
          1860
        ]
      ],
      "feature_importance": {
        "rsi": 0.036942899227142334,
        "macd_line": 0.04211791604757309,
        "macd_signal": 0.04167741537094116,
        "macd_hist": 0.0428970605134964,
        "ma20_rel": 0.03804308548569679,
        "ma50_rel": 0.036813657730817795,
        "ma200_rel": 0.043279580771923065,
        "ma50_slope": 0.036897946149110794,
        "boll_pos": 0.03423140570521355,
        "atr_pct": 0.0787145122885704,
        "adx": 0.0347285233438015,
        "stoch_k": 0.05223337560892105,
        "stoch_d": 0.045123036950826645,
        "ichi_pos": 0.04285743087530136,
        "ichi_sig": 0.03256192430853844,
        "vol20": 0.04247672110795975,
        "chg5": 0.04035511612892151,
        "chg20": 0.036437299102544785,
        "regime": 0.05845218896865845,
        "obv_slope_10": 0.03531268611550331,
        "mfi": 0.033265940845012665,
        "vol_rel_20": 0.03458987921476364,
        "rsi_weekly": 0.037699755281209946,
        "ma20_rel_weekly": 0.042290717363357544
      }
    },
    {
      "horizon": "week",
      "n_train": 93959,
      "n_test": 23490,
      "win_rate_train": 0.23983865302951288,
      "win_rate_test": 0.22188165176670924,
      "accuracy": 0.5431247339293316,
      "precision": 0.23563218390804597,
      "recall": 0.47198772064466615,
      "auc": 0.5282616733191319,
      "confusion_matrix": [
        [
          10298,
          7980
        ],
        [
          2752,
          2460
        ]
      ],
      "feature_importance": {
        "rsi": 0.036954060196876526,
        "macd_line": 0.04324604198336601,
        "macd_signal": 0.04680360481142998,
        "macd_hist": 0.040200427174568176,
        "ma20_rel": 0.03753349184989929,
        "ma50_rel": 0.04106299206614494,
        "ma200_rel": 0.04675628989934921,
        "ma50_slope": 0.039963264018297195,
        "boll_pos": 0.03815450519323349,
        "atr_pct": 0.062003038823604584,
        "adx": 0.03916710242629051,
        "stoch_k": 0.040007367730140686,
        "stoch_d": 0.03947204351425171,
        "ichi_pos": 0.04199117049574852,
        "ichi_sig": 0.0322185754776001,
        "vol20": 0.04346553981304169,
        "chg5": 0.038218121975660324,
        "chg20": 0.038866009563207626,
        "regime": 0.052771925926208496,
        "obv_slope_10": 0.039576079696416855,
        "mfi": 0.03877278417348862,
        "vol_rel_20": 0.036180105060338974,
        "rsi_weekly": 0.04391094297170639,
        "ma20_rel_weekly": 0.0427045077085495
      }
    },
    {
      "horizon": "month",
      "n_train": 93959,
      "n_test": 23490,
      "win_rate_train": 0.22553454166178866,
      "win_rate_test": 0.19825457641549596,
      "accuracy": 0.5734355044699873,
      "precision": 0.20142523104331367,
      "recall": 0.38844749838952114,
      "auc": 0.5117691088635814,
      "confusion_matrix": [
        [
          11661,
          7172
        ],
        [
          2848,
          1809
        ]
      ],
      "feature_importance": {
        "rsi": 0.036151014268398285,
        "macd_line": 0.04234299808740616,
        "macd_signal": 0.043725721538066864,
        "macd_hist": 0.04042888432741165,
        "ma20_rel": 0.040313176810741425,
        "ma50_rel": 0.041865285485982895,
        "ma200_rel": 0.04797801002860069,
        "ma50_slope": 0.0415802039206028,
        "boll_pos": 0.03841120004653931,
        "atr_pct": 0.04411746561527252,
        "adx": 0.03938619792461395,
        "stoch_k": 0.0389639213681221,
        "stoch_d": 0.03818642348051071,
        "ichi_pos": 0.04100417345762253,
        "ichi_sig": 0.04254528135061264,
        "vol20": 0.044131141155958176,
        "chg5": 0.03765517845749855,
        "chg20": 0.040289610624313354,
        "regime": 0.055955011397600174,
        "obv_slope_10": 0.03982696682214737,
        "mfi": 0.03886845335364342,
        "vol_rel_20": 0.0370587520301342,
        "rsi_weekly": 0.045627664774656296,
        "ma20_rel_weekly": 0.0435873381793499
      }
    }
  ],
  "feature_keys": [
    "rsi",
    "macd_line",
    "macd_signal",
    "macd_hist",
    "ma20_rel",
    "ma50_rel",
    "ma200_rel",
    "ma50_slope",
    "boll_pos",
    "atr_pct",
    "adx",
    "stoch_k",
    "stoch_d",
    "ichi_pos",
    "ichi_sig",
    "vol20",
    "chg5",
    "chg20",
    "regime",
    "obv_slope_10",
    "mfi",
    "vol_rel_20",
    "rsi_weekly",
    "ma20_rel_weekly"
  ]
}