{
  "horizons": [
    {
      "horizon": "day",
      "n_train": 93175,
      "n_test": 23294,
      "win_rate_train": 0.15980681513281458,
      "win_rate_test": 0.15785180733236026,
      "accuracy": 0.5494977247359835,
      "precision": 0.1792,
      "recall": 0.5178134348653793,
      "auc": 0.5595989137038192,
      "confusion_matrix": [
        [
          10896,
          8721
        ],
        [
          1773,
          1904
        ]
      ],
      "feature_importance": {
        "rsi": 0.02626066282391548,
        "macd_line": 0.03040589764714241,
        "macd_signal": 0.027755331248044968,
        "macd_hist": 0.035664353519678116,
        "ma20_rel": 0.026270993053913116,
        "ma50_rel": 0.027133746072649956,
        "ma200_rel": 0.031087085604667664,
        "ma50_slope": 0.026608921587467194,
        "boll_pos": 0.02975066378712654,
        "atr_pct": 0.05343328043818474,
        "adx": 0.02781367115676403,
        "stoch_k": 0.03516548499464989,
        "stoch_d": 0.03521746024489403,
        "ichi_pos": 0.04448480159044266,
        "ichi_sig": 0.02885335125029087,
        "vol20": 0.031996238976716995,
        "chg5": 0.030802637338638306,
        "chg20": 0.02885097824037075,
        "regime": 0.042283687740564346,
        "obv_slope_10": 0.027025649324059486,
        "mfi": 0.025150133296847343,
        "vol_rel_20": 0.026456516236066818,
        "rsi_weekly": 0.028533488512039185,
        "ma20_rel_weekly": 0.030076218768954277,
        "skew60": 0.027168871834874153,
        "kurt60": 0.02811378613114357,
        "dd_from_high60": 0.030540917068719864,
        "vol_regime": 0.054232534021139145,
        "ma_spread_20_50": 0.027234310284256935,
        "psych_round_dist": 0.023907821625471115,
        "dow": 0.02031789906322956,
        "moy": 0.031402647495269775
      }
    },
    {
      "horizon": "week",
      "n_train": 93175,
      "n_test": 23294,
      "win_rate_train": 0.23817547625436009,
      "win_rate_test": 0.22422082939812826,
      "accuracy": 0.5737099682321628,
      "precision": 0.23864519711271515,
      "recall": 0.41144935860616505,
      "auc": 0.5287294728804575,
      "confusion_matrix": [
        [
          11215,
          6856
        ],
        [
          3074,
          2149
        ]
      ],
      "feature_importance": {
        "rsi": 0.028421832248568535,
        "macd_line": 0.031214555725455284,
        "macd_signal": 0.03198099508881569,
        "macd_hist": 0.03048224188387394,
        "ma20_rel": 0.031568512320518494,
        "ma50_rel": 0.030969565734267235,
        "ma200_rel": 0.035068269819021225,
        "ma50_slope": 0.028733965009450912,
        "boll_pos": 0.025542395189404488,
        "atr_pct": 0.04564296826720238,
        "adx": 0.027686070650815964,
        "stoch_k": 0.03086499124765396,
        "stoch_d": 0.02923654206097126,
        "ichi_pos": 0.02850780263543129,
        "ichi_sig": 0.027412306517362595,
        "vol20": 0.03261705860495567,
        "chg5": 0.030592195689678192,
        "chg20": 0.029701923951506615,
        "regime": 0.041886106133461,
        "obv_slope_10": 0.029273224994540215,
        "mfi": 0.02731313928961754,
        "vol_rel_20": 0.024414604529738426,
        "rsi_weekly": 0.03329717740416527,
        "ma20_rel_weekly": 0.03002789430320263,
        "skew60": 0.03201477229595184,
        "kurt60": 0.032661303877830505,
        "dd_from_high60": 0.030782945454120636,
        "vol_regime": 0.041316960006952286,
        "ma_spread_20_50": 0.032913800328969955,
        "psych_round_dist": 0.029655681923031807,
        "dow": 0.01983535848557949,
        "moy": 0.03836284205317497
      }
    },
    {
      "horizon": "month",
      "n_train": 93175,
      "n_test": 23294,
      "win_rate_train": 0.22504963777837403,
      "win_rate_test": 0.200094444921439,
      "accuracy": 0.6271142783549412,
      "precision": 0.21498371335504887,
      "recall": 0.32568118429521564,
      "auc": 0.5216728715584014,
      "confusion_matrix": [
        [
          13090,
          5543
        ],
        [
          3143,
          1518
        ]
      ],
      "feature_importance": {
        "rsi": 0.026772890239953995,
        "macd_line": 0.033116843551397324,
        "macd_signal": 0.03508302569389343,
        "macd_hist": 0.028349611908197403,
        "ma20_rel": 0.027634471654891968,
        "ma50_rel": 0.029457615688443184,
        "ma200_rel": 0.035871315747499466,
        "ma50_slope": 0.030280133709311485,
        "boll_pos": 0.028189001604914665,
        "atr_pct": 0.03163019195199013,
        "adx": 0.026520192623138428,
        "stoch_k": 0.027654161676764488,
        "stoch_d": 0.028553923591971397,
        "ichi_pos": 0.03814879432320595,
        "ichi_sig": 0.033468350768089294,
        "vol20": 0.035266630351543427,
        "chg5": 0.02746766433119774,
        "chg20": 0.027290264144539833,
        "regime": 0.04035315290093422,
        "obv_slope_10": 0.030360471457242966,
        "mfi": 0.026973335072398186,
        "vol_rel_20": 0.024350447580218315,
        "rsi_weekly": 0.03397739678621292,
        "ma20_rel_weekly": 0.03284306451678276,
        "skew60": 0.034754689782857895,
        "kurt60": 0.03355959430336952,
        "dd_from_high60": 0.03340979665517807,
        "vol_regime": 0.03542741760611534,
        "ma_spread_20_50": 0.03265027329325676,
        "psych_round_dist": 0.02950967289507389,
        "dow": 0.01937861740589142,
        "moy": 0.041696906089782715
      }
    }
  ],
  "feature_keys": [
    "rsi",
    "macd_line",
    "macd_signal",
    "macd_hist",
    "ma20_rel",
    "ma50_rel",
    "ma200_rel",
    "ma50_slope",
    "boll_pos",
    "atr_pct",
    "adx",
    "stoch_k",
    "stoch_d",
    "ichi_pos",
    "ichi_sig",
    "vol20",
    "chg5",
    "chg20",
    "regime",
    "obv_slope_10",
    "mfi",
    "vol_rel_20",
    "rsi_weekly",
    "ma20_rel_weekly",
    "skew60",
    "kurt60",
    "dd_from_high60",
    "vol_regime",
    "ma_spread_20_50",
    "psych_round_dist",
    "dow",
    "moy"
  ]
}