{
  "horizons": [
    {
      "horizon": "day",
      "n_train": 93160,
      "n_test": 23291,
      "win_rate_train": 0.16032632030914556,
      "win_rate_test": 0.15804387961014985,
      "accuracy": 0.568159374865828,
      "precision": 0.18651066758430832,
      "recall": 0.5153490899212171,
      "auc": 0.564479504646502,
      "confusion_matrix": [
        [
          11336,
          8274
        ],
        [
          1784,
          1897
        ]
      ],
      "feature_importance": {
        "rsi": 0.028669651597738266,
        "macd_line": 0.03271082416176796,
        "macd_signal": 0.0286732017993927,
        "macd_hist": 0.03425620123744011,
        "ma20_rel": 0.026943694800138474,
        "ma50_rel": 0.028547139838337898,
        "ma200_rel": 0.031755104660987854,
        "ma50_slope": 0.027215303853154182,
        "boll_pos": 0.027660377323627472,
        "atr_pct": 0.05096365511417389,
        "adx": 0.027748633176088333,
        "stoch_k": 0.03142962232232094,
        "stoch_d": 0.037805479019880295,
        "ichi_pos": 0.034115877002477646,
        "ichi_sig": 0.029017573222517967,
        "vol20": 0.035016853362321854,
        "chg5": 0.03331352770328522,
        "chg20": 0.027186714112758636,
        "regime": 0.04561973735690117,
        "obv_slope_10": 0.026110129430890083,
        "mfi": 0.02646651118993759,
        "vol_rel_20": 0.026183314621448517,
        "rsi_weekly": 0.02774338610470295,
        "ma20_rel_weekly": 0.030345555394887924,
        "skew60": 0.0281082596629858,
        "kurt60": 0.028032109141349792,
        "dd_from_high60": 0.030894627794623375,
        "vol_regime": 0.05385001376271248,
        "ma_spread_20_50": 0.027987131848931313,
        "psych_round_dist": 0.024668147787451744,
        "dow": 0.019855419173836708,
        "moy": 0.031106214970350266
      }
    },
    {
      "horizon": "week",
      "n_train": 93160,
      "n_test": 23291,
      "win_rate_train": 0.2387827393731215,
      "win_rate_test": 0.2249366708170538,
      "accuracy": 0.5670430638444034,
      "precision": 0.24513413992635455,
      "recall": 0.44474136285550675,
      "auc": 0.5342280632138743,
      "confusion_matrix": [
        [
          10877,
          7175
        ],
        [
          2909,
          2330
        ]
      ],
      "feature_importance": {
        "rsi": 0.028136074542999268,
        "macd_line": 0.030724117532372475,
        "macd_signal": 0.03206532076001167,
        "macd_hist": 0.030699096620082855,
        "ma20_rel": 0.030601123347878456,
        "ma50_rel": 0.03097250498831272,
        "ma200_rel": 0.036507342010736465,
        "ma50_slope": 0.02839941903948784,
        "boll_pos": 0.025830304250121117,
        "atr_pct": 0.04163423925638199,
        "adx": 0.028790948912501335,
        "stoch_k": 0.029017504304647446,
        "stoch_d": 0.027976609766483307,
        "ichi_pos": 0.03208760544657707,
        "ichi_sig": 0.034820232540369034,
        "vol20": 0.033133696764707565,
        "chg5": 0.028725534677505493,
        "chg20": 0.02918345481157303,
        "regime": 0.039659351110458374,
        "obv_slope_10": 0.029441166669130325,
        "mfi": 0.028018111363053322,
        "vol_rel_20": 0.023179108276963234,
        "rsi_weekly": 0.03494764119386673,
        "ma20_rel_weekly": 0.030912544578313828,
        "skew60": 0.03174218907952309,
        "kurt60": 0.03256276249885559,
        "dd_from_high60": 0.03150011971592903,
        "vol_regime": 0.04130081459879875,
        "ma_spread_20_50": 0.03122509829699993,
        "psych_round_dist": 0.03025043196976185,
        "dow": 0.018346602097153664,
        "moy": 0.037608955055475235
      }
    },
    {
      "horizon": "month",
      "n_train": 93160,
      "n_test": 23291,
      "win_rate_train": 0.22553671103477888,
      "win_rate_test": 0.20072130865999743,
      "accuracy": 0.6201966424799279,
      "precision": 0.21102951364833034,
      "recall": 0.32577540106951874,
      "auc": 0.5234324507237751,
      "confusion_matrix": [
        [
          12922,
          5694
        ],
        [
          3152,
          1523
        ]
      ],
      "feature_importance": {
        "rsi": 0.02817867323756218,
        "macd_line": 0.03187132626771927,
        "macd_signal": 0.033295176923274994,
        "macd_hist": 0.0282593984156847,
        "ma20_rel": 0.029436351731419563,
        "ma50_rel": 0.029655318707227707,
        "ma200_rel": 0.0363723449409008,
        "ma50_slope": 0.029726779088377953,
        "boll_pos": 0.024939822033047676,
        "atr_pct": 0.02938416413962841,
        "adx": 0.02671145834028721,
        "stoch_k": 0.026533447206020355,
        "stoch_d": 0.025515222921967506,
        "ichi_pos": 0.048471055924892426,
        "ichi_sig": 0.03534547612071037,
        "vol20": 0.03712712600827217,
        "chg5": 0.025864552706480026,
        "chg20": 0.027762485668063164,
        "regime": 0.03925358131527901,
        "obv_slope_10": 0.02854061685502529,
        "mfi": 0.027206948027014732,
        "vol_rel_20": 0.024039369076490402,
        "rsi_weekly": 0.03441009670495987,
        "ma20_rel_weekly": 0.031711895018815994,
        "skew60": 0.035173073410987854,
        "kurt60": 0.033022891730070114,
        "dd_from_high60": 0.033214688301086426,
        "vol_regime": 0.03516664355993271,
        "ma_spread_20_50": 0.034378353506326675,
        "psych_round_dist": 0.029416168108582497,
        "dow": 0.018671410158276558,
        "moy": 0.04134412109851837
      }
    }
  ],
  "feature_keys": [
    "rsi",
    "macd_line",
    "macd_signal",
    "macd_hist",
    "ma20_rel",
    "ma50_rel",
    "ma200_rel",
    "ma50_slope",
    "boll_pos",
    "atr_pct",
    "adx",
    "stoch_k",
    "stoch_d",
    "ichi_pos",
    "ichi_sig",
    "vol20",
    "chg5",
    "chg20",
    "regime",
    "obv_slope_10",
    "mfi",
    "vol_rel_20",
    "rsi_weekly",
    "ma20_rel_weekly",
    "skew60",
    "kurt60",
    "dd_from_high60",
    "vol_regime",
    "ma_spread_20_50",
    "psych_round_dist",
    "dow",
    "moy"
  ]
}