{
  "horizons": [
    {
      "horizon": "day",
      "n_train": 93135,
      "n_test": 23284,
      "win_rate_train": 0.1600687174531594,
      "win_rate_test": 0.15826318501975606,
      "accuracy": 0.5727538223672909,
      "precision": 0.18461073622721322,
      "recall": 0.49742198100407053,
      "auc": 0.5608476133726813,
      "confusion_matrix": [
        [
          11503,
          8096
        ],
        [
          1852,
          1833
        ]
      ],
      "feature_importance": {
        "rsi": 0.029201723635196686,
        "macd_line": 0.029317328706383705,
        "macd_signal": 0.028875134885311127,
        "macd_hist": 0.031084870919585228,
        "ma20_rel": 0.0272224023938179,
        "ma50_rel": 0.026333700865507126,
        "ma200_rel": 0.03064475581049919,
        "ma50_slope": 0.02716008387506008,
        "boll_pos": 0.027327463030815125,
        "atr_pct": 0.05372638627886772,
        "adx": 0.0259581059217453,
        "stoch_k": 0.04490860551595688,
        "stoch_d": 0.03268447145819664,
        "ichi_pos": 0.052574921399354935,
        "ichi_sig": 0.028304461389780045,
        "vol20": 0.03182332217693329,
        "chg5": 0.03133486583828926,
        "chg20": 0.029060745611786842,
        "regime": 0.035124070942401886,
        "obv_slope_10": 0.025074925273656845,
        "mfi": 0.025605861097574234,
        "vol_rel_20": 0.02589462324976921,
        "rsi_weekly": 0.02777213603258133,
        "ma20_rel_weekly": 0.02893362194299698,
        "skew60": 0.027039874345064163,
        "kurt60": 0.02771172858774662,
        "dd_from_high60": 0.030090203508734703,
        "vol_regime": 0.05631821230053902,
        "ma_spread_20_50": 0.027596136555075645,
        "psych_round_dist": 0.0240845438092947,
        "dow": 0.019953418523073196,
        "moy": 0.03125728294253349
      }
    },
    {
      "horizon": "week",
      "n_train": 93135,
      "n_test": 23284,
      "win_rate_train": 0.23920115960702207,
      "win_rate_test": 0.22504724274179694,
      "accuracy": 0.5571637175742999,
      "precision": 0.23831148725358653,
      "recall": 0.44064885496183204,
      "auc": 0.5242906810916825,
      "confusion_matrix": [
        [
          10664,
          7380
        ],
        [
          2931,
          2309
        ]
      ],
      "feature_importance": {
        "rsi": 0.028465304523706436,
        "macd_line": 0.02987784706056118,
        "macd_signal": 0.03466150164604187,
        "macd_hist": 0.029183773323893547,
        "ma20_rel": 0.02902998961508274,
        "ma50_rel": 0.030557436868548393,
        "ma200_rel": 0.03560163825750351,
        "ma50_slope": 0.028054742142558098,
        "boll_pos": 0.02925099991261959,
        "atr_pct": 0.043945569545030594,
        "adx": 0.028800897300243378,
        "stoch_k": 0.029935559257864952,
        "stoch_d": 0.027284838259220123,
        "ichi_pos": 0.02487594075500965,
        "ichi_sig": 0.027485623955726624,
        "vol20": 0.03338317945599556,
        "chg5": 0.026924341917037964,
        "chg20": 0.029048362746834755,
        "regime": 0.04149364307522774,
        "obv_slope_10": 0.02891644835472107,
        "mfi": 0.02795979380607605,
        "vol_rel_20": 0.023968342691659927,
        "rsi_weekly": 0.03361000120639801,
        "ma20_rel_weekly": 0.031266406178474426,
        "skew60": 0.03251103684306145,
        "kurt60": 0.032720595598220825,
        "dd_from_high60": 0.030962029471993446,
        "vol_regime": 0.04678826034069061,
        "ma_spread_20_50": 0.032663509249687195,
        "psych_round_dist": 0.02985554188489914,
        "dow": 0.021028608083724976,
        "moy": 0.03988821059465408
      }
    },
    {
      "horizon": "month",
      "n_train": 93135,
      "n_test": 23284,
      "win_rate_train": 0.22489933966822354,
      "win_rate_test": 0.20078165263700395,
      "accuracy": 0.5720237072667926,
      "precision": 0.20565323837079902,
      "recall": 0.3952941176470588,
      "auc": 0.5145454775347332,
      "confusion_matrix": [
        [
          11471,
          7138
        ],
        [
          2827,
          1848
        ]
      ],
      "feature_importance": {
        "rsi": 0.028764307498931885,
        "macd_line": 0.032481394708156586,
        "macd_signal": 0.03478020802140236,
        "macd_hist": 0.030061962082982063,
        "ma20_rel": 0.028918040916323662,
        "ma50_rel": 0.03155761584639549,
        "ma200_rel": 0.0364471934735775,
        "ma50_slope": 0.031007306650280952,
        "boll_pos": 0.028431609272956848,
        "atr_pct": 0.0325576476752758,
        "adx": 0.028515126556158066,
        "stoch_k": 0.029223911464214325,
        "stoch_d": 0.025550244376063347,
        "ichi_pos": 0.028768762946128845,
        "ichi_sig": 0.03326047584414482,
        "vol20": 0.03732527047395706,
        "chg5": 0.026259541511535645,
        "chg20": 0.027736878022551537,
        "regime": 0.04147818684577942,
        "obv_slope_10": 0.027885813266038895,
        "mfi": 0.026263318955898285,
        "vol_rel_20": 0.023494062945246696,
        "rsi_weekly": 0.03426000848412514,
        "ma20_rel_weekly": 0.03336838632822037,
        "skew60": 0.03695535287261009,
        "kurt60": 0.03422290086746216,
        "dd_from_high60": 0.03140157461166382,
        "vol_regime": 0.03500169888138771,
        "ma_spread_20_50": 0.03276284411549568,
        "psych_round_dist": 0.029698340222239494,
        "dow": 0.018764225766062737,
        "moy": 0.04279584065079689
      }
    }
  ],
  "feature_keys": [
    "rsi",
    "macd_line",
    "macd_signal",
    "macd_hist",
    "ma20_rel",
    "ma50_rel",
    "ma200_rel",
    "ma50_slope",
    "boll_pos",
    "atr_pct",
    "adx",
    "stoch_k",
    "stoch_d",
    "ichi_pos",
    "ichi_sig",
    "vol20",
    "chg5",
    "chg20",
    "regime",
    "obv_slope_10",
    "mfi",
    "vol_rel_20",
    "rsi_weekly",
    "ma20_rel_weekly",
    "skew60",
    "kurt60",
    "dd_from_high60",
    "vol_regime",
    "ma_spread_20_50",
    "psych_round_dist",
    "dow",
    "moy"
  ]
}