{
  "horizons": [
    {
      "horizon": "day",
      "n_train": 93959,
      "n_test": 23490,
      "win_rate_train": 0.16060196468672505,
      "win_rate_test": 0.15815240527884206,
      "accuracy": 0.8384418901660281,
      "precision": 0.21428571428571427,
      "recall": 0.008075370121130552,
      "auc": 0.5548125360507594,
      "confusion_matrix": [
        [
          19665,
          110
        ],
        [
          3685,
          30
        ]
      ],
      "feature_importance": {
        "rsi": 0.040776532143354416,
        "macd_line": 0.04116173833608627,
        "macd_signal": 0.03709977865219116,
        "macd_hist": 0.04386328160762787,
        "ma20_rel": 0.03477053344249725,
        "ma50_rel": 0.034511663019657135,
        "ma200_rel": 0.041966140270233154,
        "ma50_slope": 0.03704265505075455,
        "boll_pos": 0.03292025625705719,
        "atr_pct": 0.08286306262016296,
        "adx": 0.03351350128650665,
        "stoch_k": 0.06506648659706116,
        "stoch_d": 0.05114462971687317,
        "ichi_pos": 0.03301742300391197,
        "ichi_sig": 0.03771011903882027,
        "vol20": 0.04542906954884529,
        "chg5": 0.04442133381962776,
        "chg20": 0.03464033082127571,
        "regime": 0.05612220987677574,
        "obv_slope_10": 0.03196840360760689,
        "mfi": 0.031709637492895126,
        "vol_rel_20": 0.033783722668886185,
        "rsi_weekly": 0.03508547693490982,
        "ma20_rel_weekly": 0.039412036538124084
      }
    },
    {
      "horizon": "week",
      "n_train": 93959,
      "n_test": 23490,
      "win_rate_train": 0.23983865302951288,
      "win_rate_test": 0.22188165176670924,
      "accuracy": 0.7711792252022137,
      "precision": 0.2179930795847751,
      "recall": 0.012087490406753646,
      "auc": 0.5286404013329732,
      "confusion_matrix": [
        [
          18052,
          226
        ],
        [
          5149,
          63
        ]
      ],
      "feature_importance": {
        "rsi": 0.03647099807858467,
        "macd_line": 0.0398036390542984,
        "macd_signal": 0.04636174812912941,
        "macd_hist": 0.03934328630566597,
        "ma20_rel": 0.03949014097452164,
        "ma50_rel": 0.0415489636361599,
        "ma200_rel": 0.047599297016859055,
        "ma50_slope": 0.03756013140082359,
        "boll_pos": 0.03702125698328018,
        "atr_pct": 0.06950493901968002,
        "adx": 0.03821448236703873,
        "stoch_k": 0.04143340513110161,
        "stoch_d": 0.039630454033613205,
        "ichi_pos": 0.039521750062704086,
        "ichi_sig": 0.035073768347501755,
        "vol20": 0.04356208071112633,
        "chg5": 0.03791622817516327,
        "chg20": 0.04036273807287216,
        "regime": 0.05340464040637016,
        "obv_slope_10": 0.0381159670650959,
        "mfi": 0.03778243809938431,
        "vol_rel_20": 0.0344230942428112,
        "rsi_weekly": 0.0429961159825325,
        "ma20_rel_weekly": 0.04285848140716553
      }
    },
    {
      "horizon": "month",
      "n_train": 93959,
      "n_test": 23490,
      "win_rate_train": 0.22553454166178866,
      "win_rate_test": 0.19825457641549596,
      "accuracy": 0.7994891443167306,
      "precision": 0.24761904761904763,
      "recall": 0.0055829933433540905,
      "auc": 0.5052669975483004,
      "confusion_matrix": [
        [
          18754,
          79
        ],
        [
          4631,
          26
        ]
      ],
      "feature_importance": {
        "rsi": 0.03602323308587074,
        "macd_line": 0.040523868054151535,
        "macd_signal": 0.046270161867141724,
        "macd_hist": 0.04191839322447777,
        "ma20_rel": 0.037014737725257874,
        "ma50_rel": 0.041518278419971466,
        "ma200_rel": 0.04639725759625435,
        "ma50_slope": 0.043488550931215286,
        "boll_pos": 0.03767982870340347,
        "atr_pct": 0.04526280239224434,
        "adx": 0.040006883442401886,
        "stoch_k": 0.03791913017630577,
        "stoch_d": 0.0395771749317646,
        "ichi_pos": 0.03841963782906532,
        "ichi_sig": 0.03804367035627365,
        "vol20": 0.0445830412209034,
        "chg5": 0.03708381950855255,
        "chg20": 0.042430974543094635,
        "regime": 0.057700593024492264,
        "obv_slope_10": 0.039269860833883286,
        "mfi": 0.04039425030350685,
        "vol_rel_20": 0.03620816394686699,
        "rsi_weekly": 0.047587182372808456,
        "ma20_rel_weekly": 0.04467851668596268
      }
    }
  ],
  "feature_keys": [
    "rsi",
    "macd_line",
    "macd_signal",
    "macd_hist",
    "ma20_rel",
    "ma50_rel",
    "ma200_rel",
    "ma50_slope",
    "boll_pos",
    "atr_pct",
    "adx",
    "stoch_k",
    "stoch_d",
    "ichi_pos",
    "ichi_sig",
    "vol20",
    "chg5",
    "chg20",
    "regime",
    "obv_slope_10",
    "mfi",
    "vol_rel_20",
    "rsi_weekly",
    "ma20_rel_weekly"
  ]
}