{
  "indices": [
    {
      "config": {
        "name": "LT_180_5_quarterly",
        "mom_lookback": 180,
        "top_n": 5,
        "rebal_days": 63,
        "sma_len": 250,
        "stop_pct": 30,
        "min_mom_pct": 5
      },
      "rets": [
        -4.3713191646517515,
        4.652989881036587,
        5.8969526332024715,
        9.76065815098708,
        -2.773985353987054,
        5.56747260678605,
        -17.212971623424465,
        28.658012869755645,
        14.43188771203092,
        15.053757868471983,
        5.0083757333598715,
        -0.9098361332257341,
        11.540903411423585,
        3.6449017841200373
      ],
      "mean": 5.639128598277517,
      "median": 5.2879241700729605,
      "compound": 101.40310982246442,
      "worst_dd": 1.6122321941658075,
      "n_pos": 10,
      "n_total": 14,
      "bench_compound": 580.716771231086,
      "bench_mean": 15.616557893135662,
      "excess_mean": -9.977429294858144,
      "years": [
        2012,
        2013,
        2014,
        2015,
        2016,
        2017,
        2018,
        2019,
        2020,
        2021,
        2022,
        2023,
        2024,
        2025
      ]
    },
    {
      "config": {
        "name": "LT_120_3_biweekly",
        "mom_lookback": 120,
        "top_n": 3,
        "rebal_days": 14,
        "sma_len": 150,
        "stop_pct": 20,
        "min_mom_pct": 5
      },
      "rets": [
        5.816163642997822,
        0.6435085261143527,
        8.743351079458945,
        14.611390799457427,
        -0.5615090847212769,
        9.438160973758986,
        -4.822861002192295,
        5.187862551104874,
        13.082804412464025,
        4.732686732456116,
        7.392917399644068,
        -6.128074847641081,
        -2.6541901404663735,
        23.316869832623567
      ],
      "mean": 5.628505776789939,
      "median": 5.502013097051348,
      "compound": 107.26205400056563,
      "worst_dd": 2.51655812827512,
      "n_pos": 10,
      "n_total": 14,
      "bench_compound": 580.716771231086,
      "bench_mean": 15.616557893135662,
      "excess_mean": -9.988052116345724,
      "years": [
        2012,
        2013,
        2014,
        2015,
        2016,
        2017,
        2018,
        2019,
        2020,
        2021,
        2022,
        2023,
        2024,
        2025
      ]
    },
    {
      "config": {
        "name": "LT_180_3_monthly",
        "mom_lookback": 180,
        "top_n": 3,
        "rebal_days": 21,
        "sma_len": 200,
        "stop_pct": 25,
        "min_mom_pct": 5
      },
      "rets": [
        -4.244186737640987,
        3.487170044176355,
        4.824048695641466,
        12.939225686233394,
        -3.6406484908716603,
        7.219771897427614,
        -15.216842009764717,
        18.997787672888137,
        17.93931763255366,
        1.8901264143863146,
        5.771613566147056,
        -1.0573587332408094,
        10.792149055608284,
        16.22512039920116
      ],
      "mean": 5.423378220910375,
      "median": 5.297831130894261,
      "compound": 98.02815991461841,
      "worst_dd": 1.7357307697889905,
      "n_pos": 10,
      "n_total": 14,
      "bench_compound": 580.716771231086,
      "bench_mean": 15.616557893135662,
      "excess_mean": -10.193179672225288,
      "years": [
        2012,
        2013,
        2014,
        2015,
        2016,
        2017,
        2018,
        2019,
        2020,
        2021,
        2022,
        2023,
        2024,
        2025
      ]
    },
    {
      "config": {
        "name": "LT_120_5_monthly",
        "mom_lookback": 120,
        "top_n": 5,
        "rebal_days": 21,
        "sma_len": 200,
        "stop_pct": 20,
        "min_mom_pct": 5
      },
      "rets": [
        2.7029810282421947,
        3.190529097354147,
        4.033744255124904,
        12.944884216818828,
        -0.45811392008827884,
        8.998015182735296,
        -2.936174799559379,
        9.347501922573494,
        8.4832367826458,
        10.186881208707419,
        0.8966071701352916,
        2.9887989952526555,
        -0.10661950729149935,
        13.291596226156727
      ],
      "mean": 5.254561989914828,
      "median": 3.6121366762395253,
      "compound": 101.58021021098054,
      "worst_dd": 2.6389208532928388,
      "n_pos": 11,
      "n_total": 14,
      "bench_compound": 580.716771231086,
      "bench_mean": 15.616557893135662,
      "excess_mean": -10.361995903220834,
      "years": [
        2012,
        2013,
        2014,
        2015,
        2016,
        2017,
        2018,
        2019,
        2020,
        2021,
        2022,
        2023,
        2024,
        2025
      ]
    },
    {
      "config": {
        "name": "LT_120_3_monthly",
        "mom_lookback": 120,
        "top_n": 3,
        "rebal_days": 21,
        "sma_len": 200,
        "stop_pct": 25,
        "min_mom_pct": 5
      },
      "rets": [
        2.8518468251496927,
        5.973220431605525,
        8.985999412481688,
        15.448833642900336,
        -2.9663609465189564,
        7.01504025410788,
        -3.8582513701263705,
        4.782892023900203,
        10.314633995539076,
        1.700038788797576,
        5.338588332722514,
        -5.9890164628934714,
        -2.901786050559295,
        22.44380427183363
      ],
      "mean": 4.938534510638574,
      "median": 5.060740178311359,
      "compound": 89.49877922829708,
      "worst_dd": 3.559335015573511,
      "n_pos": 10,
      "n_total": 14,
      "bench_compound": 580.716771231086,
      "bench_mean": 15.616557893135662,
      "excess_mean": -10.678023382497088,
      "years": [
        2012,
        2013,
        2014,
        2015,
        2016,
        2017,
        2018,
        2019,
        2020,
        2021,
        2022,
        2023,
        2024,
        2025
      ]
    },
    {
      "config": {
        "name": "LT_90_5_monthly",
        "mom_lookback": 90,
        "top_n": 5,
        "rebal_days": 21,
        "sma_len": 150,
        "stop_pct": 20,
        "min_mom_pct": 0
      },
      "rets": [
        1.3079105907044515,
        2.460052809745816,
        7.8391947868772,
        6.934094273044591,
        -1.143100748002856,
        0.4906108638219564,
        -7.364453603878987,
        5.933311926547099,
        3.400422375743291,
        16.85621390946555,
        5.276664993378804,
        -0.45210247701069617,
        11.900203946577182,
        10.081283616470389
      ],
      "mean": 4.537164804534555,
      "median": 4.338543684561047,
      "compound": 82.0187601560451,
      "worst_dd": 4.227754967094006,
      "n_pos": 11,
      "n_total": 14,
      "bench_compound": 580.716771231086,
      "bench_mean": 15.616557893135662,
      "excess_mean": -11.079393088601106,
      "years": [
        2012,
        2013,
        2014,
        2015,
        2016,
        2017,
        2018,
        2019,
        2020,
        2021,
        2022,
        2023,
        2024,
        2025
      ]
    },
    {
      "config": {
        "name": "LT_90_3_monthly",
        "mom_lookback": 90,
        "top_n": 3,
        "rebal_days": 21,
        "sma_len": 200,
        "stop_pct": 20,
        "min_mom_pct": 5
      },
      "rets": [
        2.0776354086007642,
        -0.8494262495389947,
        9.695798965620646,
        18.14020244426334,
        -7.8262035941862305,
        -1.167774280948548,
        -10.099477055307599,
        2.6307506443416226,
        7.229591153659667,
        11.798755826149494,
        1.1502455684444215,
        1.3816944795340858,
        8.04381861012646,
        19.39807329273096
      ],
      "mean": 4.400263229535006,
      "median": 2.3541930264711937,
      "compound": 74.83753120057013,
      "worst_dd": 4.7569591425914455,
      "n_pos": 10,
      "n_total": 14,
      "bench_compound": 580.716771231086,
      "bench_mean": 15.616557893135662,
      "excess_mean": -11.216294663600657,