{
  "META equipondere": {
    "annual_return_pct": 18.88586052995922,
    "max_dd_pct": -38.69308002186156,
    "worst_monthly": -15.159140494297374,
    "calmar": 0.4880940085226796
  },
  "META indices-heavy": {
    "annual_return_pct": 19.698933574313003,
    "max_dd_pct": -38.68854318052935,
    "worst_monthly": -15.929653746426254,
    "calmar": 0.509167106199719
  },
  "META crypto-heavy": {
    "annual_return_pct": 17.149323894206937,
    "max_dd_pct": -38.934019246794676,
    "worst_monthly": -13.91487441194128,
    "calmar": 0.4404714495439304
  },
  "META mixte-heavy": {
    "annual_return_pct": 19.666086709367914,
    "max_dd_pct": -38.45911625917036,
    "worst_monthly": -16.19413409544953,
    "calmar": 0.5113504578951069
  },
  "META eq + 3% PSQ": {
    "annual_return_pct": 18.497718012933895,
    "max_dd_pct": -38.21671344506413,
    "worst_monthly": -14.947248531502954,
    "calmar": 0.48402168437440457
  },
  "META eq + 5% PSQ": {
    "annual_return_pct": 18.23340898361714,
    "max_dd_pct": -37.88591270500894,
    "worst_monthly": -14.8008668238932,
    "calmar": 0.4812714722115294
  },
  "META eq + 8% PSQ": {
    "annual_return_pct": 17.828207761483284,
    "max_dd_pct": -37.36852184052435,
    "worst_monthly": -14.573158314035195,
    "calmar": 0.4770915969747954
  },
  "META eq + 10% PSQ": {
    "annual_return_pct": 17.55198760377594,
    "max_dd_pct": -37.0086088567103,
    "worst_monthly": -14.415643073901807,
    "calmar": 0.47426769462569146
  },
  "META eq + 3% SH": {
    "annual_return_pct": 18.511648936399983,
    "max_dd_pct": -38.23886917920201,
    "worst_monthly": -14.904217692167087,
    "calmar": 0.48410555368798414
  },
  "META eq + 5% SH": {
    "annual_return_pct": 18.257022507913835,
    "max_dd_pct": -37.92445189443107,
    "worst_monthly": -14.728583554419183,
    "calmar": 0.4814050459775991
  },
  "META eq + 8% SH": {
    "annual_return_pct": 17.86698243813771,
    "max_dd_pct": -37.43431737658231,
    "worst_monthly": -14.456138085779802,
    "calmar": 0.4772888539251076
  },
  "META eq + 10% SH": {
    "annual_return_pct": 17.60132288531753,
    "max_dd_pct": -37.094533227723616,
    "worst_monthly": -14.268221036369477,
    "calmar": 0.47449910684312635
  },
  "META eq + 3% VIXY": {
    "annual_return_pct": 18.472884422497728,
    "max_dd_pct": -38.660633156331215,
    "worst_monthly": -15.032217464467745,
    "calmar": 0.4778215697554487
  },
  "META eq + 5% VIXY": {
    "annual_return_pct": 18.19127783710033,
    "max_dd_pct": -38.638046338744026,
    "worst_monthly": -14.944042495504927,
    "calmar": 0.47081256846206415
  },
  "META eq + 8% VIXY": {
    "annual_return_pct": 17.758929923513776,
    "max_dd_pct": -38.602628681704516,
    "worst_monthly": -14.806071920244968,
    "calmar": 0.4600445754599742
  },
  "META eq + 10% VIXY": {
    "annual_return_pct": 17.46375538047069,
    "max_dd_pct": -38.57792563771944,
    "worst_monthly": -14.710052158017294,
    "calmar": 0.45268777654015596
  },
  "META eq + 3% UVXY": {
    "annual_return_pct": 18.4705796220906,
    "max_dd_pct": -38.72129302811565,
    "worst_monthly": -15.116422077646629,
    "calmar": 0.47701350284658767
  },
  "META eq + 5% UVXY": {
    "annual_return_pct": 18.187365235982654,
    "max_dd_pct": -38.74103446366245,
    "worst_monthly": -15.086536339884082,
    "calmar": 0.46945997926414895
  },
  "META eq + 8% UVXY": {
    "annual_return_pct": 17.75249000174024,
    "max_dd_pct": -38.77216018777823,
    "worst_monthly": -15.039425667562757,
    "calmar": 0.45786693121463434
  },
  "META eq + 10% UVXY": {
    "annual_return_pct": 17.455547871607592,
    "max_dd_pct": -38.79399343062939,
    "worst_monthly": -15.006386494722513,
    "calmar": 0.44995491126277676
  }
}