{
  "INDICES_INDICES baseline (TQQQ 40 + SPY 20 + TLT 30 + GLD 10)": {
    "annual_return_pct": 11.764048334912424,
    "total_return_pct": 177.79719090991034,
    "max_dd_pct": -45.578067368747675,
    "worst_monthly": -13.020761323565475,
    "positive_months_pct": 62.727272727272734,
    "final_value": 2777.9719090991034,
    "n_years": 9.186507936507937
  },
  "INDICES_INDICES + ALT (VIX + yield) + DD 12%": {
    "annual_return_pct": 12.429398074797149,
    "total_return_pct": 193.3651171143499,
    "max_dd_pct": -32.11356556330952,
    "worst_monthly": -15.552226791120974,
    "positive_months_pct": 57.27272727272727,
    "final_value": 2933.651171143499,
    "n_years": 9.186507936507937
  },
  "INDICES_INDICES + ALT + DD 15%": {
    "annual_return_pct": 12.847176211723198,
    "total_return_pct": 203.53319739404952,
    "max_dd_pct": -43.75887258186501,
    "worst_monthly": -15.552226791120974,
    "positive_months_pct": 60.0,
    "final_value": 3035.331973940495,
    "n_years": 9.186507936507937
  },
  "INDICES_INDICES aggressive TQQQ 60 + TLT 30 + GLD 10 + ALT + DD 15": {
    "annual_return_pct": 15.596852928618743,
    "total_return_pct": 278.6640081456861,
    "max_dd_pct": -43.559999716629655,
    "worst_monthly": -19.024911892759803,
    "positive_months_pct": 54.54545454545454,
    "final_value": 3786.6400814568615,
    "n_years": 9.186507936507937
  },
  "INDICES_INDICES conserv TQQQ 30 + SPY 30 + TLT 30 + GLD 10 + ALT + DD 10": {
    "annual_return_pct": 10.11824499492382,
    "total_return_pct": 142.40446728055915,
    "max_dd_pct": -27.691736905602365,
    "worst_monthly": -13.260062456613042,
    "positive_months_pct": 57.27272727272727,
    "final_value": 2424.0446728055913,
    "n_years": 9.186507936507937
  },
  "INDICES_INDICES TQQQ 50 + SOXL 10 + TLT 30 + GLD 10 + ALT + DD 15": {
    "annual_return_pct": 13.477642854630624,
    "total_return_pct": 219.47285491940715,
    "max_dd_pct": -41.90593447755326,
    "worst_monthly": -19.703141354574786,
    "positive_months_pct": 54.54545454545454,
    "final_value": 3194.7285491940715,
    "n_years": 9.186507936507937
  },
  "CRYPTO_CRYPTO baseline BTC 40 + ETH 20 + TLT 20 + alt-rot": {
    "annual_return_pct": 20.731461834056162,
    "total_return_pct": 464.4744609167229,
    "max_dd_pct": -65.7442558208491,
    "worst_monthly": -21.74719748368531,
    "positive_months_pct": 50.90909090909091,
    "final_value": 5644.744609167229,
    "n_years": 9.186507936507937
  },
  "CRYPTO_CRYPTO + ALT + DD 18": {
    "annual_return_pct": 19.791070252966627,
    "total_return_pct": 425.34764162328554,
    "max_dd_pct": -59.18967110678748,
    "worst_monthly": -26.276034209520187,
    "positive_months_pct": 45.45454545454545,
    "final_value": 5253.476416232856,
    "n_years": 9.186507936507937
  },
  "CRYPTO_CRYPTO + ALT + DD 15": {
    "annual_return_pct": 24.200463695626983,
    "total_return_pct": 632.2572534982935,
    "max_dd_pct": -54.84462031248102,
    "worst_monthly": -21.773710781735645,
    "positive_months_pct": 43.63636363636363,
    "final_value": 7322.5725349829345,
    "n_years": 9.186507936507937
  },
  "CRYPTO_CRYPTO + ALT + DD 25 (lache)": {
    "annual_return_pct": 20.33146685684304,
    "total_return_pct": 447.5253838557691,
    "max_dd_pct": -51.86503457870262,
    "worst_monthly": -24.807775847551472,
    "positive_months_pct": 50.0,
    "final_value": 5475.253838557691,
    "n_years": 9.186507936507937
  },
  "CRYPTO_CRYPTO BTC 60 + ETH 30 + TLT 10 (concentr\u00e9 BTC) + ALT + DD 20": {
    "annual_return_pct": 18.423434581104424,
    "total_return_pct": 372.75439850766406,
    "max_dd_pct": -67.83222466472121,
    "worst_monthly": -26.16059511258268,
    "positive_months_pct": 48.18181818181818,
    "final_value": 4727.543985076641,
    "n_years": 9.186507936507937
  },
  "CRYPTO_CRYPTO BTC 50 + ETH 30 + SOL 10 + TLT 10 + ALT + DD 18": {
    "annual_return_pct": 26.367158163398653,
    "total_return_pct": 758.3483136972541,
    "max_dd_pct": -69.54560495313467,
    "worst_monthly": -27.49605243222572,
    "positive_months_pct": 47.27272727272727,
    "final_value": 8583.48313697254,
    "n_years": 9.186507936507937
  },
  "MIXTE_MIXTE Premium+ baseline (winner actuel)": {
    "annual_return_pct": 16.06887535986219,
    "total_return_pct": 293.1081008620053,
    "max_dd_pct": -44.67040266901159,
    "worst_monthly": -23.034583501963315,
    "positive_months_pct": 61.81818181818181,
    "final_value": 3931.081008620053,
    "n_years": 9.186507936507937
  },
  "MIXTE_MIXTE aggressive TQQQ 40 + BTC 20 + ETH 10 + TLT 20 + XLK 10": {
    "annual_return_pct": 19.727239454426382,
    "total_return_pct": 422.78164539946704,
    "max_dd_pct": -37.74070404685756,
    "worst_monthly": -15.362495566971266,
    "positive_months_pct": 60.0,
    "final_value": 5227.81645399467,
    "n_years": 9.186507936507937
  },
  "MIXTE_MIXTE TQQQ 30 + BTC 30 + TLT 30 + GLD 10": {
    "annual_return_pct": 12.212718257275611,
    "total_return_pct": 188.21195530679492,
    "max_dd_pct": -42.4436993598653,
    "worst_monthly": -19.823921922189356,
    "positive_months_pct": 60.909090909090914,
    "final_value": 2882.1195530679493,
    "n_years": 9.186507936507937
  },
  "MIXTE_MIXTE Premium+ DD 12 (plus strict)": {
    "annual_return_pct": 17.338912224450898,
    "total_return_pct": 334.4402104012094,
    "max_dd_pct": -36.64146775797619,
    "worst_monthly": -12.323616964788094,
    "positive_months_pct": 58.18181818181818,
    "final_value": 4344.402104012094,
    "n_years": 9.186507936507937
  }
}