{
  "indices": {
    "universe": "INDICES_ACTIONS_MATIERES",
    "tickers": [
      "SPY",
      "QQQ",
      "IWM",
      "DIA",
      "EFA",
      "VWO",
      "EWJ",
      "FXI",
      "IEF",
      "TLT",
      "LQD",
      "HYG",
      "GLD",
      "SLV",
      "DBC",
      "USO",
      "XLK",
      "XLE",
      "XLF",
      "XLV",
      "AAPL",
      "MSFT",
      "GOOGL",
      "AMZN",
      "META",
      "NVDA",
      "TSLA",
      "JPM",
      "V",
      "WMT",
      "UNH",
      "JNJ",
      "PG",
      "KO",
      "XOM"
    ],
    "benchmark_ticker": "SPY",
    "benchmark": {
      "mean": 15.655263903980467,
      "compound": 190.3306687677956,
      "worst_dd": -33.71724840941361,
      "sharpe": 0.9230741318201702
    },
    "strategies": {
      "momentum_topN_default": {
        "mean": 37.7775073860051,
        "compound": 729.2460008377752,
        "worst_dd": 5.4648499476805785,
        "sharpe": 0.7211054338217213,
        "n_positive": 6,
        "n_total": 8,
        "n_beat_bench": 5,
        "excess_vs_bench": 22.12224348202463,
        "yearly_returns": [
          -10.792372142626053,
          18.988658787670946,
          166.89650718533898,
          19.934589098507153,
          -3.761712347176442,
          55.57928963235091,
          29.703721344195504,
          25.671377529779754
        ]
      },
      "momentum_safe_default": {
        "mean": 8.712636629786973,
        "compound": 71.87708012312552,
        "worst_dd": 8.772206111656436,
        "sharpe": 0.43189029879265123,
        "n_positive": 4,
        "n_total": 8,
        "n_beat_bench": 3,
        "excess_vs_bench": -6.9426272741934945,
        "yearly_returns": [
          -8.8595425367037,
          12.703666283972769,
          48.51190227910101,
          -4.452153920650404,
          -7.568362325723125,
          33.08432264885443,
          4.889579306754901,
          -8.608318697310102
        ]
      },
      "momentum_safe_MIN_DD": {
        "mean": 11.18819016960543,
        "compound": 110.71233862059833,
        "worst_dd": 7.461660149047658,
        "sharpe": 0.6306836963837849,
        "n_positive": 6,
        "n_total": 8,
        "n_beat_bench": 2,
        "excess_vs_bench": -4.467073734375036,
        "yearly_returns": [
          -7.7990417729427595,
          14.445864874837437,
          45.466888679207685,
          17.4228281119261,
          -17.895104669924088,
          13.626059738711124,
          18.406181880635692,
          5.831844514392254
        ]
      },
      "momentum_safe_MAX_COMP": {
        "mean": 11.970079571529201,
        "compound": 117.63292457703822,
        "worst_dd": 7.077167934759042,
        "sharpe": 0.6269153082711403,
        "n_positive": 6,
        "n_total": 8,
        "n_beat_bench": 1,
        "excess_vs_bench": -3.685184332451266,
        "yearly_returns": [
          -7.103731049198693,
          13.406111821795893,
          43.756661797404554,
          21.684169329029114,
          -24.535641181591853,
          11.321639229523546,
          22.114945382023794,
          15.116481243247245
        ]
      },
      "momentum_safe_STABLE": {
        "mean": 3.192388249291283,
        "compound": 14.43847284969313,
        "worst_dd": 6.596225552201997,
        "sharpe": 0.18498439538962994,
        "n_positive": 4,
        "n_total": 8,
        "n_beat_bench": 2,
        "excess_vs_bench": -12.462875654689185,
        "yearly_returns": [
          -10.555706916759206,
          1.6549642045735922,
          25.018561363631097,
          -2.7386704944466485,
          -27.09797539236547,
          28.65887384777958,
          12.536212350764595,
          -1.937152968847279
        ]
      },
      "donchian_breakout": {
        "mean": 5.9232506808175405,
        "compound": 47.25698070914659,
        "worst_dd": 4.330226291381271,
        "sharpe": 0.4266680379717233,
        "n_positive": 5,
        "n_total": 8,
        "n_beat_bench": 1,
        "excess_vs_bench": -9.732013223162927,
        "yearly_returns": [
          -8.33150708616854,
          10.733742604427919,
          23.794569430385252,
          9.07324519257647,
          -19.927025629981536,
          20.429235814617293,
          13.137424131763773,
          -1.5236790110803127
        ]
      },
      "dual_momentum": {
        "mean": 66.08713904039297,
        "compound": 378.1724588547228,
        "worst_dd": 26.890012480922955,
        "sharpe": 0.3763326282296681,
        "n_positive": 5,
        "n_total": 8,
        "n_beat_bench": 2,
        "excess_vs_bench": 50.4318751364125,
        "yearly_returns": [
          -38.90917949132961,
          4.251564130322606,
          524.1892230417108,
          7.743261940720708,
          -19.670880829355916,
          5.102451143611825,
          66.63863350429573,
          -20.647961116832278
        ]
      }
    }
  },
  "crypto": {
    "universe": "CRYPTO_PUR",
    "tickers": [
      "BTC-USD",
      "ETH-USD",
      "SOL-USD",
      "AVAX-USD",
      "NEAR-USD",
      "ATOM-USD",
      "DOT-USD",
      "ADA-USD",
      "LINK-USD",
      "UNI-USD",
      "AAVE-USD",
      "MATIC-USD",
      "FET-USD",
      "RNDR-USD",
      "INJ-USD",
      "LTC-USD",
      "BCH-USD",
      "XRP-USD",
      "XLM-USD",
      "DOGE-USD"
    ],
    "benchmark_ticker": "BTC-USD",
    "benchmark": {
      "mean": 74.25827968705815,
      "compound": 549.7084549251542,
      "worst_dd": -81.53271113852912,
      "sharpe": 0.6273875881859763
    },
    "strategies": {
      "momentum_topN_default": {
        "mean": 368.7414348261259,
        "compound": 12611.856156785303,
        "worst_dd": 29.095754589441402,
        "sharpe": 0.48808989718861834,
        "n_positive": 4,
        "n_total": 8,
        "n_beat_bench": 4,
        "excess_vs_bench": 294.4831551390678,
        "yearly_returns": [
          -42.80302610745522,
          56.48524376934985,
          183.87392992550454,
          2307.4181310989284,
          -28.759807823616896,
          536.3572093599554,
          -19.797426562913422,
          -42.842775050745715
        ]
      },
      "momentum_safe_default": {
        "mean": 178.69420255870367,
        "compound": 3847.525625174761,
        "worst_dd": 22.97630861377859,
        "sharpe": 0.45748952045595953,
        "n_positive": 5,
        "n_total": 8,
        "n_beat_bench": 3,
        "excess_vs_bench": 104.43592287164552,
        "yearly_returns": [
          -22.976308613778595,
          26.040350125445332,
          105.79329367244132,
          1198.191555754754,
          -34.51930351136429,
          157.88951006036208,
          29.576296474427522,
          -30.44177349265812
        ]
      },
      "momentum_safe_MIN_DD": {
        "mean": 81.82699564711021,
        "compound": 2298.6492959686416,
        "worst_dd": 2.993877175076432,
        "sharpe": 0.5788162408642132,
        "n_positive": 5,
        "n_total": 8,
        "n_beat_bench": 3,
        "excess_vs_bench": 7.56871596005206,
        "yearly_returns": [
          -2.9938771750764346,
          31.850923030600008,
          96.76181330567532,
          439.82382996238283,
          -11.35859480714863,
          91.90580788533885,
          26.717013730096145,
          -18.090950754986324
        ]
      },
      "momentum_safe_MAX_COMP": {
        "mean": 186.24269047419855,
        "compound": 6273.02371652941,
        "worst_dd": 21.19257391846642,
        "sharpe": 0.480942507542955,
        "n_positive": 4,
        "n_total": 8,
        "n_beat_bench": 3,
        "excess_vs_bench": 111.9844107871404,
        "yearly_returns": [
          -20.647449294697836,
          55.79032636464474,
          181.46858783871576,
          1193.984472863147,
          -13.202389620474225,
          120.49130912430131,
          -11.721936838564206,
          -16.221396643484244
        ]
      },
      "momentum_safe_STABLE": {
        "mean": 72.29624769377216,