{
  "ENSEMBLE 7 strats equipondere": {
    "annual_return_pct": 15.019795781403555,
    "total_return_pct": 990.727159583781,
    "max_dd_pct": -34.808914372892936,
    "worst_monthly": -19.843075169085157,
    "final_value": 10907.27159583781
  },
  "ENSEMBLE 7 strats - boost aggressive (2x)": {
    "annual_return_pct": 17.328082396848888,
    "total_return_pct": 1431.3209474088155,
    "max_dd_pct": -39.80582900518677,
    "worst_monthly": -21.84435574049434,
    "final_value": 15313.209474088157
  },
  "ENSEMBLE 5 (no S6 vol parity, no S7 pairs)": {
    "annual_return_pct": 18.176173573099753,
    "total_return_pct": 1631.7182402950948,
    "max_dd_pct": -40.45599163672266,
    "worst_monthly": -22.719136772861162,
    "final_value": 17317.182402950948
  },
  "ENSEMBLE risk-on 3 (S1+S3+S4)": {
    "annual_return_pct": 26.81779826088915,
    "total_return_pct": 5678.871162821036,
    "max_dd_pct": -51.63006637632562,
    "worst_monthly": -32.75848792311001,
    "final_value": 57788.71162821036
  },
  "ENSEMBLE risk-on agressive (S1 3x + S4 2x + S3)": {
    "annual_return_pct": 32.48544552970183,
    "total_return_pct": 12091.860689974123,
    "max_dd_pct": -59.59778625556572,
    "worst_monthly": -35.89602175249746,
    "final_value": 121918.60689974122
  },
  "ENSEMBLE balanced (S1 2x + S2 + S4 + S5)": {
    "annual_return_pct": 25.56469044345866,
    "total_return_pct": 4777.556549667006,
    "max_dd_pct": -52.28920955235736,
    "worst_monthly": -26.5465406532045,
    "final_value": 48775.56549667006
  },
  "ENSEMBLE 3 strats hi-mom (S1 + S4 + S3)": {
    "annual_return_pct": 26.81779826088915,
    "total_return_pct": 5678.871162821036,
    "max_dd_pct": -51.63006637632562,
    "worst_monthly": -32.75848792311001,
    "final_value": 57788.71162821036
  }
}