{
  "META3_baseline": {
    "mix50": {
      "annual_return_pct": 23.05240895353604,
      "max_dd_pct": -33.18655883865713,
      "final_value": 6723.7816837604505
    },
    "mc": {
      "annual_median": 23.414477855463645,
      "annual_p5": 10.101135415369491,
      "p_profit": 1.0,
      "p_above_15": 0.82,
      "p_above_10": 0.96,
      "dd_worst": -58.4810844376403,
      "dd_median": -29.586414762519983
    }
  },
  "META4_SOXL": {
    "mix50": {
      "annual_return_pct": 21.1552311368987,
      "max_dd_pct": -39.629264398053465,
      "final_value": 5829.3953540760085
    },
    "mc": {
      "annual_median": 20.529181756089777,
      "annual_p5": 8.92943889589519,
      "p_profit": 0.99,
      "p_above_15": 0.79,
      "p_above_10": 0.91,
      "dd_worst": -68.0688150070956,
      "dd_median": -34.588356641540344
    }
  },
  "META4_TNA": {
    "mix50": {
      "annual_return_pct": 20.230711717108463,
      "max_dd_pct": -34.23014079801049,
      "final_value": 5433.282320833553
    },
    "mc": {
      "annual_median": 20.189041461583823,
      "annual_p5": 8.013164789252004,
      "p_profit": 0.99,
      "p_above_15": 0.73,
      "p_above_10": 0.92,
      "dd_worst": -62.100296790793465,
      "dd_median": -32.3674888904333
    }
  },
  "META4_TECL": {
    "mix50": {
      "annual_return_pct": 21.212324498448186,
      "max_dd_pct": -36.982863634973754,
      "final_value": 5854.679905998267
    },
    "mc": {
      "annual_median": 20.980140760148203,
      "annual_p5": 9.521690416734723,
      "p_profit": 0.99,
      "p_above_15": 0.79,
      "p_above_10": 0.93,
      "dd_worst": -64.19752615340609,
      "dd_median": -32.66644823282758
    }
  }
}