{
  "TQQQ-mix BASELINE (sans filtre)": {
    "full": {
      "final_value": 13212.221321709198,
      "annual_return_pct": 14.495914971231173,
      "total_return_pct": 1221.2221321709198,
      "max_dd_pct": -36.458759277961775,
      "n_years": 19.067460317460316
    },
    "recent_2022_2025": {
      "final_value": 1739.5724180486243,
      "annual_return_pct": 10.013064772100089,
      "total_return_pct": 73.95724180486243,
      "max_dd_pct": -21.685836106103444,
      "n_years": 5.801587301587301
    },
    "no_2020_2021": {
      "final_value": 12314.166161936952,
      "annual_return_pct": 16.801315071190494,
      "total_return_pct": 1131.416616193695,
      "max_dd_pct": -48.188299551731326,
      "n_years": 16.166666666666668
    }
  },
  "TQQQ-mix + TREND FILTER QQQ>SMA200": {
    "full": {
      "final_value": 13212.221321709198,
      "annual_return_pct": 14.495914971231173,
      "total_return_pct": 1221.2221321709198,
      "max_dd_pct": -36.458759277961775,
      "n_years": 19.067460317460316
    },
    "recent_2022_2025": {
      "final_value": 1739.5724180486243,
      "annual_return_pct": 10.013064772100089,
      "total_return_pct": 73.95724180486243,
      "max_dd_pct": -21.685836106103444,
      "n_years": 5.801587301587301
    },
    "no_2020_2021": {
      "final_value": 12314.166161936952,
      "annual_return_pct": 16.801315071190494,
      "total_return_pct": 1131.416616193695,
      "max_dd_pct": -48.188299551731326,
      "n_years": 16.166666666666668
    }
  },
  "TQQQ-mix + TREND SMA150": {
    "full": {
      "final_value": 11932.120867583297,
      "annual_return_pct": 13.885610591322095,
      "total_return_pct": 1093.2120867583296,
      "max_dd_pct": -36.458759277961754,
      "n_years": 19.067460317460316
    },
    "recent_2022_2025": {
      "final_value": 1072.7517329622765,
      "annual_return_pct": 1.2178360709391711,
      "total_return_pct": 7.275173296227649,
      "max_dd_pct": -35.055965814697,
      "n_years": 5.801587301587301
    },
    "no_2020_2021": {
      "final_value": 14203.834143449825,
      "annual_return_pct": 17.837310085419066,
      "total_return_pct": 1320.3834143449826,
      "max_dd_pct": -41.13924791267931,
      "n_years": 16.166666666666668
    }
  },
  "TQQQ-mix + VOL TARGET 25%": {
    "full": {
      "final_value": 14231.180444897713,
      "annual_return_pct": 14.942898992809027,
      "total_return_pct": 1323.1180444897714,
      "max_dd_pct": -36.465693837583565,
      "n_years": 19.067460317460316
    },
    "recent_2022_2025": {
      "final_value": 1917.0687709038195,
      "annual_return_pct": 11.870944323250399,
      "total_return_pct": 91.70687709038195,
      "max_dd_pct": -21.104677053344062,
      "n_years": 5.801587301587301
    },
    "no_2020_2021": {
      "final_value": 14399.641704011388,
      "annual_return_pct": 17.9371475801674,
      "total_return_pct": 1339.964170401139,
      "max_dd_pct": -43.605335130565834,
      "n_years": 16.166666666666668
    }
  },
  "TQQQ-mix + VOL TARGET 20%": {
    "full": {
      "final_value": 14934.360956734803,
      "annual_return_pct": 15.234003959086785,
      "total_return_pct": 1393.4360956734804,
      "max_dd_pct": -33.587621637422636,
      "n_years": 19.067460317460316
    },
    "recent_2022_2025": {
      "final_value": 1810.4751088024884,
      "annual_return_pct": 10.773233282427142,
      "total_return_pct": 81.04751088024884,
      "max_dd_pct": -20.331738184780725,
      "n_years": 5.801587301587301
    },
    "no_2020_2021": {
      "final_value": 14854.512571753834,
      "annual_return_pct": 18.164245685722126,
      "total_return_pct": 1385.4512571753833,
      "max_dd_pct": -43.58850963256262,
      "n_years": 16.166666666666668
    }
  },
  "TQQQ-mix + TREND + VOL TARGET 25%": {
    "full": {
      "final_value": 14231.180444897713,
      "annual_return_pct": 14.942898992809027,
      "total_return_pct": 1323.1180444897714,
      "max_dd_pct": -36.465693837583565,
      "n_years": 19.067460317460316
    },
    "recent_2022_2025": {
      "final_value": 1917.0687709038195,
      "annual_return_pct": 11.870944323250399,
      "total_return_pct": 91.70687709038195,
      "max_dd_pct": -21.104677053344062,
      "n_years": 5.801587301587301
    },
    "no_2020_2021": {
      "final_value": 14399.641704011388,
      "annual_return_pct": 17.9371475801674,
      "total_return_pct": 1339.964170401139,
      "max_dd_pct": -43.605335130565834,
      "n_years": 16.166666666666668
    }
  },
  "TQQQ 20 + TLT 50 + GLD 15 + BTC 15 (conserv)": {
    "full": {
      "final_value": 8239.820503037641,
      "annual_return_pct": 11.695491830619954,
      "total_return_pct": 723.982050303764,
      "max_dd_pct": -33.15305482382382,
      "n_years": 19.067460317460316
    },
    "recent_2022_2025": {
      "final_value": 1424.3916224513316,
      "annual_return_pct": 6.287106057978464,
      "total_return_pct": 42.43916224513316,
      "max_dd_pct": -22.394045694306236,
      "n_years": 5.801587301587301
    },
    "no_2020_2021": {
      "final_value": 7742.134364136894,
      "annual_return_pct": 13.496135569617241,
      "total_return_pct": 674.2134364136894,
      "max_dd_pct": -41.978930414320295,
      "n_years": 16.166666666666668
    }
  },
  "TQQQ 25 + TLT 50 + GLD 10 + BTC 15": {
    "full": {
      "final_value": 7964.572023979133,
      "annual_return_pct": 11.496644452228931,
      "total_return_pct": 696.4572023979133,
      "max_dd_pct": -33.75460457632202,
      "n_years": 19.067460317460316
    },
    "recent_2022_2025": {
      "final_value": 1392.7655138430102,
      "annual_return_pct": 5.876546147020867,
      "total_return_pct": 39.27655138430102,
      "max_dd_pct": -22.35232438842603,
      "n_years": 5.801587301587301
    },
    "no_2020_2021": {
      "final_value": 7764.818648948489,
      "annual_return_pct": 13.516676911666558,
      "total_return_pct": 676.4818648948489,
      "max_dd_pct": -44.795730134681044,
      "n_years": 16.166666666666668
    }
  },
  "SPY 30 + TQQQ 20 + TLT 30 + BTC 20": {
    "full": {
      "final_value": 12461.30299160904,
      "annual_return_pct": 14.145088760973735,
      "total_return_pct": 1146.130299160904,
      "max_dd_pct": -31.449817836412773,
      "n_years": 19.067460317460316
    },
    "recent_2022_2025": {
      "final_value": 1684.8000783949253,
      "annual_return_pct": 9.408075230413981,
      "total_return_pct": 68.48000783949253,
      "max_dd_pct": -21.712280692542972,
      "n_years": 5.801587301587301
    },
    "no_2020_2021": {
      "final_value": 10457.463068370587,
      "annual_return_pct": 15.626478580824754,
      "total_return_pct": 945.7463068370588,
      "max_dd_pct": -44.729441464544706,
      "n_years": 16.166666666666668
    }
  },
  "Triple Leveraged TQQQ+UPRO+TMF": {
    "full": {
      "final_value": 7124.325927494012,
      "annual_return_pct": 10.84662194965893,
      "total_return_pct": 612.4325927494012,
      "max_dd_pct": -33.10464635972595,
      "n_years": 19.067460317460316
    },
    "recent_2022_2025": {
      "final_value": 1440.2086951651186,
      "annual_return_pct": 6.489614735500937,
      "total_return_pct": 44.02086951651186,
      "max_dd_pct": -31.003408894275786,
      "n_years": 5.801587301587301
    },
    "no_2020_2021": {
      "final_value": 5716.005128627387,
      "annual_return_pct": 11.385964734418707,
      "total_return_pct": 471.6005128627388,
      "max_dd_pct": -51.16282887545947,
      "n_years": 16.166666666666668
    }
  },
  "Triple Lev + TREND": {
    "full": {
      "final_value": 7154.227016494877,
      "annual_return_pct": 10.870972610373197,
      "total_return_pct": 615.4227016494877,
      "max_dd_pct": -35.15735149310453,
      "n_years": 19.067460317460316
    },
    "recent_2022_2025": {
      "final_value": 1401.7945696390843,
      "annual_return_pct": 5.994538866411836,
      "total_return_pct": 40.179456963908436,
      "max_dd_pct": -31.003529665414497,