{
  "B&H SPY 100%": {
    "final_value": 1000.0,
    "total_return_pct": 0.0,
    "annual_return_pct": 0.0,
    "max_dd_pct": 0.0,
    "n_years": 19.067460317460316,
    "n_trades_approx": 1
  },
  "B&H QQQ 100%": {
    "final_value": 1000.0,
    "total_return_pct": 0.0,
    "annual_return_pct": 0.0,
    "max_dd_pct": 0.0,
    "n_years": 19.067460317460316,
    "n_trades_approx": 1
  },
  "B&H 60/40 fix (no rebal)": {
    "final_value": 4521.76555095676,
    "total_return_pct": 352.17655509567606,
    "annual_return_pct": 8.235037581529504,
    "max_dd_pct": -27.8306945628564,
    "n_years": 19.067460317460316,
    "n_trades_approx": 2
  },
  "B&H 4-asset Crypto-tilted (no rebal)": {
    "final_value": 3521.978542647356,
    "total_return_pct": 252.19785426473558,
    "annual_return_pct": 6.825868113401934,
    "max_dd_pct": -23.33117124955913,
    "n_years": 19.067460317460316,
    "n_trades_approx": 4
  },
  "RP Crypto-tilted 20% MONTHLY": {
    "final_value": 11512.96750186148,
    "total_return_pct": 1051.296750186148,
    "annual_return_pct": 13.67222446695109,
    "max_dd_pct": -38.0412475049036,
    "n_years": 19.067460317460316,
    "n_trades_approx": 916
  },
  "RP Crypto-tilted 20% QUARTERLY": {
    "final_value": 12609.43766617291,
    "total_return_pct": 1160.9437666172907,
    "annual_return_pct": 14.215854587056608,
    "max_dd_pct": -36.22268367887593,
    "n_years": 19.067460317460316,
    "n_trades_approx": 308
  },
  "RP Crypto-tilted 30%": {
    "final_value": 17542.341939411377,
    "total_return_pct": 1654.2341939411376,
    "annual_return_pct": 16.21083783560686,
    "max_dd_pct": -44.82253735423426,
    "n_years": 19.067460317460316,
    "n_trades_approx": 916
  },
  "RP Crypto-tilted 40%": {
    "final_value": 31221.420606342836,
    "total_return_pct": 3022.1420606342836,
    "annual_return_pct": 19.778017834217998,
    "max_dd_pct": -49.226496251553165,
    "n_years": 19.067460317460316,
    "n_trades_approx": 916
  },
  "RP 60/40 monthly": {
    "final_value": 3392.345702791608,
    "total_return_pct": 239.23457027916078,
    "annual_return_pct": 6.615972794344449,
    "max_dd_pct": -27.24962707716208,
    "n_years": 19.067460317460316,
    "n_trades_approx": 458
  },
  "RP AllWeather classic": {
    "final_value": 2262.8922718588033,
    "total_return_pct": 126.28922718588034,
    "annual_return_pct": 4.375958851292228,
    "max_dd_pct": -20.117438615629702,
    "n_years": 19.067460317460316,
    "n_trades_approx": 916
  },
  "B&H TQQQ 100%": {
    "final_value": 1000.0,
    "total_return_pct": 0.0,
    "annual_return_pct": 0.0,
    "max_dd_pct": 0.0,
    "n_years": 19.067460317460316,
    "n_trades_approx": 1
  },
  "B&H SPXL 100%": {
    "final_value": 1000.0,
    "total_return_pct": 0.0,
    "annual_return_pct": 0.0,
    "max_dd_pct": 0.0,
    "n_years": 19.067460317460316,
    "n_trades_approx": 1
  },
  "Hedged TQQQ/TLT 50/50": {
    "final_value": 19765.687585147058,
    "total_return_pct": 1876.5687585147057,
    "annual_return_pct": 16.940401261358563,
    "max_dd_pct": -60.85294711123813,
    "n_years": 19.067460317460316,
    "n_trades_approx": 458
  },
  "Hedged TQQQ/TLT 60/40": {
    "final_value": 32164.278144889548,
    "total_return_pct": 3116.4278144889545,
    "annual_return_pct": 19.965060191520976,
    "max_dd_pct": -65.77950695001697,
    "n_years": 19.067460317460316,
    "n_trades_approx": 458
  },
  "Hedged TQQQ/TLT 40/60": {
    "final_value": 11700.647597452737,
    "total_return_pct": 1070.0647597452737,
    "annual_return_pct": 13.768665214471621,
    "max_dd_pct": -55.93547937624403,
    "n_years": 19.067460317460316,
    "n_trades_approx": 458
  },
  "TQQQ 30 + TLT 40 + GLD 10 + BTC 20": {
    "final_value": 32630.693726355676,
    "total_return_pct": 3163.0693726355676,
    "annual_return_pct": 20.055674156531023,
    "max_dd_pct": -55.72795920766988,
    "n_years": 19.067460317460316,
    "n_trades_approx": 916
  },
  "TQQQ 40 + TLT 30 + GLD 10 + BTC 20": {
    "final_value": 52936.061152041824,
    "total_return_pct": 5193.606115204182,
    "annual_return_pct": 23.141032486958892,
    "max_dd_pct": -59.68787213065111,
    "n_years": 19.067460317460316,
    "n_trades_approx": 916
  },
  "SPXL 40 + TLT 30 + GLD 10 + BTC 20": {
    "final_value": 29433.28292222231,
    "total_return_pct": 2843.328292222231,
    "annual_return_pct": 19.408100138015214,
    "max_dd_pct": -50.40433788723585,
    "n_years": 19.067460317460316,
    "n_trades_approx": 916
  },
  "TQQQ 50 + TLT 30 + BTC 20": {
    "final_value": 77766.555284323,
    "total_return_pct": 7676.655528432299,
    "annual_return_pct": 25.65024221689347,
    "max_dd_pct": -65.5491123007116,
    "n_years": 19.067460317460316,
    "n_trades_approx": 687
  },
  "TQQQ 60 + TLT 40": {
    "final_value": 32164.278144889548,
    "total_return_pct": 3116.4278144889545,
    "annual_return_pct": 19.965060191520976,
    "max_dd_pct": -65.77950695001697,
    "n_years": 19.067460317460316,
    "n_trades_approx": 458
  },
  "TQQQ 30 + SPXL 30 + TLT 30 + BTC 10": {
    "final_value": 44225.876604116376,
    "total_return_pct": 4322.587660411638,
    "annual_return_pct": 21.985471545659973,
    "max_dd_pct": -58.75836344333523,
    "n_years": 19.067460317460316,
    "n_trades_approx": 916
  }
}