{
  "TQQQ-mix BASELINE (sans alt)": {
    "annual_return_pct": 15.521225575212828,
    "total_return_pct": 276.3942759244014,
    "max_dd_pct": -57.73485366995145,
    "worst_monthly": -14.875681100969382,
    "final_value": 3763.942759244014
  },
  "TQQQ-mix + ALT SIGNALS": {
    "annual_return_pct": 13.118199544889752,
    "total_return_pct": 210.2962944970667,
    "max_dd_pct": -47.26700135230135,
    "worst_monthly": -12.226745380911506,
    "final_value": 3102.9629449706667
  },
  "TQQQ-50 + ALT": {
    "annual_return_pct": 17.024620833967184,
    "total_return_pct": 323.8668297508879,
    "max_dd_pct": -57.00984629173003,
    "worst_monthly": -16.04921378736477,
    "final_value": 4238.668297508879
  },
  "TQQQ-40 + GLD + ALT": {
    "annual_return_pct": 15.71433789768497,
    "total_return_pct": 282.214169821312,
    "max_dd_pct": -52.20749119995478,
    "worst_monthly": -13.749120625736547,
    "final_value": 3822.14169821312
  },
  "SPY-30 TQQQ-40 BTC-20 TLT-10 + ALT": {
    "annual_return_pct": 17.853969674944548,
    "total_return_pct": 352.2766861590638,
    "max_dd_pct": -50.08263796280893,
    "worst_monthly": -16.73635603066131,
    "final_value": 4522.766861590638
  }
}