{
  "IA INDICES (TQQQ60+TLT20+GLD20) | 1. baseline (no alt)": {
    "annual_return_pct": 24.189536839169424,
    "max_dd_pct": -45.80159062472215,
    "worst_monthly": -19.62225068979948,
    "final_value": 7316.656513169844,
    "calmar": 0.528137484074903
  },
  "IA INDICES (TQQQ60+TLT20+GLD20) | 2. master alt only": {
    "annual_return_pct": 17.281923416478094,
    "max_dd_pct": -41.05708455934645,
    "worst_monthly": -22.14361865124109,
    "final_value": 4325.057281279152,
    "calmar": 0.42092427170511176
  },
  "IA INDICES (TQQQ60+TLT20+GLD20) | 3. onchain only": {
    "annual_return_pct": 21.415589629888963,
    "max_dd_pct": -34.5291223345362,
    "worst_monthly": -14.64153533806767,
    "final_value": 5945.493843127326,
    "calmar": 0.6202181863298908
  },
  "IA INDICES (TQQQ60+TLT20+GLD20) | 4. MASTER + ONCHAIN": {
    "annual_return_pct": 14.526161238275726,
    "max_dd_pct": -36.804448432341694,
    "worst_monthly": -15.418284136222402,
    "final_value": 3476.3903106796556,
    "calmar": 0.39468493231136015
  },
  "IA CRYPTO (BTC40+ETH20+SOL20+TLT20) | 1. baseline (no alt)": {
    "annual_return_pct": 28.64022274086524,
    "max_dd_pct": -70.67661795269628,
    "worst_monthly": -25.745387728762903,
    "final_value": 10110.920337418953,
    "calmar": 0.40522910646395227
  },
  "IA CRYPTO (BTC40+ETH20+SOL20+TLT20) | 2. master alt only": {
    "annual_return_pct": 31.455448763307746,
    "max_dd_pct": -57.61439500915865,
    "worst_monthly": -16.332143353125133,
    "final_value": 12335.605702907591,
    "calmar": 0.5459650970613757
  },
  "IA CRYPTO (BTC40+ETH20+SOL20+TLT20) | 3. onchain only": {
    "annual_return_pct": 40.98985148717065,
    "max_dd_pct": -58.422596511865855,
    "worst_monthly": -17.24369565712123,
    "final_value": 23470.124655352163,
    "calmar": 0.7016095472382069
  },
  "IA CRYPTO (BTC40+ETH20+SOL20+TLT20) | 4. MASTER + ONCHAIN": {
    "annual_return_pct": 28.687347806311635,
    "max_dd_pct": -58.95446631436829,
    "worst_monthly": -18.152356970321044,
    "final_value": 10144.997829854166,
    "calmar": 0.4866017725160884
  },
  "IA MIXTE Premium+ best Calmar | 1. baseline (no alt)": {
    "annual_return_pct": 29.578094975768753,
    "max_dd_pct": -46.02872889253129,
    "worst_monthly": -16.35587513669592,
    "final_value": 10808.672342656679,
    "calmar": 0.6426007340943136
  },
  "IA MIXTE Premium+ best Calmar | 2. master alt only": {
    "annual_return_pct": 22.584613402468246,
    "max_dd_pct": -32.004646882955974,
    "worst_monthly": -15.941182993480298,
    "final_value": 6492.585305462587,
    "calmar": 0.7056666953727787
  },
  "IA MIXTE Premium+ best Calmar | 3. onchain only": {
    "annual_return_pct": 28.260937143144105,
    "max_dd_pct": -47.57961707964712,
    "worst_monthly": -16.10624049878112,
    "final_value": 9840.340903540751,
    "calmar": 0.5939715129660667
  },
  "IA MIXTE Premium+ best Calmar | 4. MASTER + ONCHAIN": {
    "annual_return_pct": 20.895839895055346,
    "max_dd_pct": -34.81462682228374,
    "worst_monthly": -16.481851512133332,
    "final_value": 5715.74154961223,
    "calmar": 0.6002028975269836
  },
  "IA MIXTE Premium+ best Return | 1. baseline (no alt)": {
    "annual_return_pct": 27.473255219409644,
    "max_dd_pct": -59.860375067545256,
    "worst_monthly": -19.19907051993125,
    "final_value": 9298.934339919153,
    "calmar": 0.45895561443457994
  },
  "IA MIXTE Premium+ best Return | 2. master alt only": {
    "annual_return_pct": 25.067734661720166,
    "max_dd_pct": -41.52456666880491,
    "worst_monthly": -16.241579323584148,
    "final_value": 7805.952759754282,
    "calmar": 0.6036844372551191
  },
  "IA MIXTE Premium+ best Return | 3. onchain only": {
    "annual_return_pct": 22.76954227225849,
    "max_dd_pct": -69.15711007563881,
    "worst_monthly": -19.65694332532796,
    "final_value": 6583.12104479103,
    "calmar": 0.32924369233119904
  },
  "IA MIXTE Premium+ best Return | 4. MASTER + ONCHAIN": {
    "annual_return_pct": 23.04781608330537,
    "max_dd_pct": -43.62912209272107,
    "worst_monthly": -17.748275200248763,
    "final_value": 6721.476573186416,
    "calmar": 0.5282667855274261
  }
}