{
  "IA INDICES | fixed_10": {
    "annual_return_pct": 13.359476683291982,
    "max_dd_pct": -37.802420141815965,
    "worst_monthly": -16.445503025136293,
    "final_value": 3164.297507181508,
    "calmar": 0.35340268250481954
  },
  "IA INDICES | fixed_15": {
    "annual_return_pct": 21.415589629888963,
    "max_dd_pct": -34.5291223345362,
    "worst_monthly": -14.64153533806767,
    "final_value": 5945.493843127326,
    "calmar": 0.6202181863298908
  },
  "IA INDICES | fixed_20": {
    "annual_return_pct": 18.30797015511041,
    "max_dd_pct": -53.26194177461594,
    "worst_monthly": -21.42690017716645,
    "final_value": 4685.368128453478,
    "calmar": 0.3437345606471259
  },
  "IA INDICES | fixed_25": {
    "annual_return_pct": 17.687756435998068,
    "max_dd_pct": -61.05612039816094,
    "worst_monthly": -18.36883633956291,
    "final_value": 4464.506902758923,
    "calmar": 0.2896966974097299
  },
  "IA INDICES | vol_scaled_1": {
    "annual_return_pct": -1.2479457752783252,
    "max_dd_pct": -44.34983858043306,
    "worst_monthly": -13.410085268955733,
    "final_value": 891.0417596709162,
    "calmar": -0.028138676830019242
  },
  "IA INDICES | vol_scaled_1.5": {
    "annual_return_pct": -3.80505115982932,
    "max_dd_pct": -53.200382953298565,
    "worst_monthly": -13.410085268955733,
    "final_value": 700.2097862915574,
    "calmar": -0.07152300319284444
  },
  "IA INDICES | vol_scaled_2": {
    "annual_return_pct": -3.013434850896457,
    "max_dd_pct": -44.554170403008584,
    "worst_monthly": -29.351585730534126,
    "final_value": 754.9632518220958,
    "calmar": -0.06763530380296276
  },
  "IA INDICES | trailing_atr_2": {
    "annual_return_pct": 9.97133290990364,
    "max_dd_pct": -50.77430801040429,
    "worst_monthly": -16.445503025136293,
    "final_value": 2394.497307096542,
    "calmar": 0.19638540239406888
  },
  "IA INDICES | trailing_atr_3": {
    "annual_return_pct": 15.809431995555734,
    "max_dd_pct": -51.94530757618,
    "worst_monthly": -15.293711631399779,
    "final_value": 3851.0941229205882,
    "calmar": 0.3043476443444007
  },
  "IA INDICES | regime": {
    "annual_return_pct": 2.78595281192926,
    "max_dd_pct": -56.489059674879705,
    "worst_monthly": -10.923139011124038,
    "final_value": 1287.151410321815,
    "calmar": 0.04931844905834313
  },
  "IA INDICES | cascade": {
    "annual_return_pct": 10.787744250577402,
    "max_dd_pct": -43.80153864855303,
    "worst_monthly": -21.42690017716645,
    "final_value": 2562.852057604285,
    "calmar": 0.2462868790325879
  },
  "IA CRYPTO | fixed_10": {
    "annual_return_pct": 19.84982915305762,
    "max_dd_pct": -59.7229915864148,
    "worst_monthly": -15.034517557194057,
    "final_value": 5277.196628688629,
    "calmar": 0.3323649506796117
  },
  "IA CRYPTO | fixed_15": {
    "annual_return_pct": 40.98985148717065,
    "max_dd_pct": -58.422596511865855,
    "worst_monthly": -17.24369565712123,
    "final_value": 23470.124655352163,
    "calmar": 0.7016095472382069
  },
  "IA CRYPTO | fixed_20": {
    "annual_return_pct": 42.40789152730877,
    "max_dd_pct": -63.787498324811956,
    "worst_monthly": -28.788380473031676,
    "final_value": 25730.120934083054,
    "calmar": 0.6648307684268129
  },
  "IA CRYPTO | fixed_25": {
    "annual_return_pct": 39.00892355289667,
    "max_dd_pct": -67.98603708330639,
    "worst_monthly": -28.788380319761565,
    "final_value": 20609.27516509566,
    "calmar": 0.5737784584369473
  },
  "IA CRYPTO | vol_scaled_1": {
    "annual_return_pct": 8.54319858592254,
    "max_dd_pct": -45.21460593284488,
    "worst_monthly": -10.273917349306515,
    "final_value": 2123.555952976535,
    "calmar": 0.18894776167266278
  },
  "IA CRYPTO | vol_scaled_1.5": {
    "annual_return_pct": 9.676513109987406,
    "max_dd_pct": -61.44333725877029,
    "worst_monthly": -14.51118480976095,
    "final_value": 2336.1688212457852,
    "calmar": 0.15748677629983715
  },
  "IA CRYPTO | vol_scaled_2": {
    "annual_return_pct": 21.570531410307183,
    "max_dd_pct": -44.45021595526472,
    "worst_monthly": -14.157277350142175,
    "final_value": 6015.558988686353,
    "calmar": 0.4852739395465716
  },
  "IA CRYPTO | trailing_atr_2": {
    "annual_return_pct": 17.759009039993433,
    "max_dd_pct": -52.50225053391227,
    "worst_monthly": -19.2967077181769,
    "final_value": 4489.399482701114,
    "calmar": 0.338252338888264
  },
  "IA CRYPTO | trailing_atr_3": {
    "annual_return_pct": 15.542491431505677,
    "max_dd_pct": -77.3961947148542,
    "worst_monthly": -28.957784887564447,
    "final_value": 3770.3127942447954,
    "calmar": 0.20081725579361975
  },
  "IA CRYPTO | regime": {
    "annual_return_pct": 33.496454465144886,
    "max_dd_pct": -71.62132513974684,
    "worst_monthly": -18.220635403473384,
    "final_value": 14211.13232916054,
    "calmar": 0.4676882813852847
  },
  "IA CRYPTO | cascade": {
    "annual_return_pct": 29.872097494865415,
    "max_dd_pct": -52.72583074183521,
    "worst_monthly": -21.144915415931553,
    "final_value": 11036.06626869495,
    "calmar": 0.5665552742284904
  },
  "IA MIXTE Calmar | fixed_10": {
    "annual_return_pct": 14.164665484163486,
    "max_dd_pct": -38.631876176055684,
    "worst_monthly": -14.362329619513266,
    "final_value": 3376.8789774540396,
    "calmar": 0.366657457163389
  },
  "IA MIXTE Calmar | fixed_15": {
    "annual_return_pct": 22.584613402468246,
    "max_dd_pct": -32.004646882955974,
    "worst_monthly": -15.941182993480298,
    "final_value": 6492.585305462587,
    "calmar": 0.7056666953727787
  },
  "IA MIXTE Calmar | fixed_20": {
    "annual_return_pct": 19.59883603893409,
    "max_dd_pct": -52.115783064337975,
    "worst_monthly": -25.12301940724638,
    "final_value": 5176.536384141229,
    "calmar": 0.3760633513793496
  },
  "IA MIXTE Calmar | fixed_25": {
    "annual_return_pct": 15.065431355257196,
    "max_dd_pct": -50.020189313567975,
    "worst_monthly": -20.822918906958783,
    "final_value": 3629.6983234229165,
    "calmar": 0.301187011924617
  },
  "IA MIXTE Calmar | vol_scaled_1": {
    "annual_return_pct": 2.6332805376900303,
    "max_dd_pct": -42.33956711832432,
    "worst_monthly": -8.283221903250434,
    "final_value": 1269.6944987200882,
    "calmar": 0.06219431885854974
  },
  "IA MIXTE Calmar | vol_scaled_1.5": {
    "annual_return_pct": 1.9281155062855104,
    "max_dd_pct": -48.378293839218856,
    "worst_monthly": -12.139885680890277,
    "final_value": 1191.7710994053225,
    "calmar": 0.03985497117143978
  },
  "IA MIXTE Calmar | vol_scaled_2": {
    "annual_return_pct": 5.754281479981271,
    "max_dd_pct": -35.4113363759795,
    "worst_monthly": -14.362329619513284,
    "final_value": 1671.9119125107754,
    "calmar": 0.16249828639295752
  },
  "IA MIXTE Calmar | trailing_atr_2": {
    "annual_return_pct": 13.122321492474786,
    "max_dd_pct": -36.39846841808068,
    "worst_monthly": -21.30888817928583,
    "final_value": 3104.0018164009048,
    "calmar": 0.3605185070357621
  },
  "IA MIXTE Calmar | trailing_atr_3": {
    "annual_return_pct": 18.405094472822682,
    "max_dd_pct": -50.35834050034851,
    "worst_monthly": -25.123019407246407,
    "final_value": 4720.822349179716,
    "calmar": 0.3654825454920483
  },
  "IA MIXTE Calmar | regime": {
    "annual_return_pct": 12.994386368082678,
    "max_dd_pct": -41.12763170453413,
    "worst_monthly": -12.139885680890284,
    "final_value": 3071.9018744623518,
    "calmar": 0.3159527021014951
  },
  "IA MIXTE Calmar | cascade": {
    "annual_return_pct": 12.22852599194515,
    "max_dd_pct": -32.71494959581558,
    "worst_monthly": -14.615763807859683,
    "final_value": 2885.851542799804,
    "calmar": 0.37379015230117435
  }
}