{
  "BH_100_META_0": {
    "bh_pct": 100,
    "meta_pct": 0,
    "baseline": {
      "annual_return_pct": 6.6374777813168695,
      "max_dd_pct": -25.299892903290775,
      "final_value": 1804.6550099778447
    },
    "monte_carlo": {
      "annual_median": 7.062935177465168,
      "annual_p5": 2.1237665408795547,
      "p_profit": 0.98,
      "p_above_15": 0.03,
      "p_above_10": 0.19,
      "dd_worst": -40.671229051370155,
      "dd_median": -20.467427475766222
    },
    "calmar": 0.2623520110021307
  },
  "BH_80_META_20": {
    "bh_pct": 80,
    "meta_pct": 20,
    "baseline": {
      "annual_return_pct": 15.54913761972687,
      "max_dd_pct": -27.372049451380835,
      "final_value": 3772.3055817969926
    },
    "monte_carlo": {
      "annual_median": 15.472810784775026,
      "annual_p5": 7.199479556964222,
      "p_profit": 1.0,
      "p_above_15": 0.54,
      "p_above_10": 0.8,
      "dd_worst": -49.74309600589445,
      "dd_median": -25.122208540363587
    },
    "calmar": 0.5680662548613972
  },
  "BH_70_META_30": {
    "bh_pct": 70,
    "meta_pct": 30,
    "baseline": {
      "annual_return_pct": 18.501175767317314,
      "max_dd_pct": -29.488158597352506,
      "final_value": 4756.130867706567
    },
    "monte_carlo": {
      "annual_median": 18.605067455588642,
      "annual_p5": 8.216128165458494,
      "p_profit": 1.0,
      "p_above_15": 0.65,
      "p_above_10": 0.89,
      "dd_worst": -52.63579488865727,
      "dd_median": -27.004441187265265
    },
    "calmar": 0.6274103452827461
  },
  "BH_60_META_40": {
    "bh_pct": 60,
    "meta_pct": 40,
    "baseline": {
      "annual_return_pct": 20.951487605888317,
      "max_dd_pct": -31.510152489171865,
      "final_value": 5739.956153616141
    },
    "monte_carlo": {
      "annual_median": 21.359858098743988,
      "annual_p5": 9.190552090539132,
      "p_profit": 1.0,
      "p_above_15": 0.76,
      "p_above_10": 0.92,
      "dd_worst": -55.924888938075654,
      "dd_median": -28.267876103754737
    },
    "calmar": 0.6649122886056511
  },
  "BH_50_META_50": {
    "bh_pct": 50,
    "meta_pct": 50,
    "baseline": {
      "annual_return_pct": 23.05240846697929,
      "max_dd_pct": -33.186562518963555,
      "final_value": 6723.781439525715
    },
    "monte_carlo": {
      "annual_median": 23.414480530489023,
      "annual_p5": 10.101143738753985,
      "p_profit": 1.0,
      "p_above_15": 0.82,
      "p_above_10": 0.96,
      "dd_worst": -58.481072285323854,
      "dd_median": -29.586406673091183
    },
    "calmar": 0.6946307998548094
  },
  "BH_40_META_60": {
    "bh_pct": 40,
    "meta_pct": 60,
    "baseline": {
      "annual_return_pct": 24.89523971569927,
      "max_dd_pct": -34.55494141167731,
      "final_value": 7707.606725435288
    },
    "monte_carlo": {
      "annual_median": 24.921180203455975,
      "annual_p5": 10.923103564836408,
      "p_profit": 1.0,
      "p_above_15": 0.88,
      "p_above_10": 0.98,
      "dd_worst": -60.544268817708925,
      "dd_median": -30.513572171883474
    },
    "calmar": 0.720453825086976
  },
  "BH_30_META_70": {
    "bh_pct": 30,
    "meta_pct": 70,
    "baseline": {
      "annual_return_pct": 26.539193262864668,
      "max_dd_pct": -35.69304418354768,
      "final_value": 8691.432011344861
    },
    "monte_carlo": {
      "annual_median": 26.40280343442364,
      "annual_p5": 11.61932141496103,
      "p_profit": 1.0,
      "p_above_15": 0.9,
      "p_above_10": 0.98,
      "dd_worst": -62.231193514444506,
      "dd_median": -31.387129877715857
    },
    "calmar": 0.7435396411241836
  },
  "BH_20_META_80": {
    "bh_pct": 20,
    "meta_pct": 80,
    "baseline": {
      "annual_return_pct": 28.024940113845574,
      "max_dd_pct": -36.6544870993419,
      "final_value": 9675.257297254437
    },
    "monte_carlo": {
      "annual_median": 28.024703826982865,
      "annual_p5": 12.254290641567922,
      "p_profit": 1.0,
      "p_above_15": 0.91,
      "p_above_10": 0.98,
      "dd_worst": -63.63798087106291,
      "dd_median": -32.11332639896058
    },
    "calmar": 0.7645705159614343
  },
  "BH_0_META_100": {
    "bh_pct": 0,
    "meta_pct": 100,
    "baseline": {
      "annual_return_pct": 30.631054055086192,
      "max_dd_pct": -38.189816203534754,
      "final_value": 11642.907869073584
    },
    "monte_carlo": {
      "annual_median": 31.177469580062734,
      "annual_p5": 13.665792145340852,
      "p_profit": 1.0,
      "p_above_15": 0.93,
      "p_above_10": 0.98,
      "dd_worst": -66.16203667467873,
      "dd_median": -33.467259157569984
    },
    "calmar": 0.8020738799012879
  }
}