{
  "results": {
    "AllWeather_classic": {
      "config": {
        "weights": {
          "SPY": 0.3,
          "TLT": 0.4,
          "GLD": 0.15,
          "DBC": 0.15
        }
      },
      "name": "AllWeather_classic",
      "rets": [
        3.995206995098933,
        -1.4113393200384352,
        3.690482495982018,
        -5.8363143044622445,
        6.126106196960323,
        8.388133609690165,
        -3.6137383852755702,
        13.051105795514722,
        9.107429828340596,
        10.343635262556871,
        -7.767350448827537,
        6.4236436740755325,
        6.948733213640478,
        13.369115753671066
      ],
      "mean": 4.486775026209066,
      "median": 6.274874935517928,
      "compound": 79.78414122921987,
      "worst_dd": 1.6843479551463991,
      "n_pos": 10,
      "n_total": 14,
      "mean_sharpe": 0.8802839305466043,
      "bench_mean": 15.499493757423396,
      "excess_mean": -11.012718731214331
    },
    "AllWeather_voltarget": {
      "config": {
        "weights": {
          "SPY": 0.25,
          "TLT": 0.25,
          "GLD": 0.25,
          "DBC": 0.25
        },
        "vol_target": true
      },
      "name": "AllWeather_voltarget",
      "rets": [
        2.8579851161097,
        -4.866452855711068,
        -2.803839866576138,
        -9.070998336507834,
        7.420332358856408,
        7.14878203604864,
        -4.364166490602203,
        11.153407356752778,
        7.827435434579459,
        14.476630361270832,
        -2.889385765892382,
        4.297134211019052,
        9.892083341371501,
        14.358943636707588
      ],
      "mean": 3.959849324101881,
      "median": 5.7229581235338465,
      "compound": 66.2501797505117,
      "worst_dd": 2.795269262037029,
      "n_pos": 9,
      "n_total": 14,
      "mean_sharpe": 0.5593290256754512,
      "bench_mean": 15.499493757423396,
      "excess_mean": -11.539644433321515
    },
    "AllWeather_momentum_overlay": {
      "config": {
        "weights": {
          "SPY": 0.3,
          "TLT": 0.4,
          "GLD": 0.15,
          "DBC": 0.15
        },
        "momentum_overlay": true
      },
      "name": "AllWeather_momentum_overlay",
      "rets": [
        3.995206995098933,
        -1.4113393200384352,
        3.690482495982018,
        -5.8363143044622445,
        6.126106196960323,
        8.388133609690165,
        -3.6137383852755702,
        12.320024323005969,
        8.223773543964356,
        13.08968853091706,
        -7.767350448827537,
        6.427767753812335,
        7.968026315889426,
        15.35671104850424
      ],
      "mean": 4.7826555968015025,
      "median": 6.276936975386329,
      "compound": 86.53583459679047,
      "worst_dd": 2.164302795508734,
      "n_pos": 10,
      "n_total": 14,
      "mean_sharpe": 0.8516019008178156,
      "bench_mean": 15.499493757423396,
      "excess_mean": -10.716838160621894
    },
    "Aggressive_5050": {
      "config": {
        "weights": {
          "SPY": 0.4,
          "QQQ": 0.1,
          "TLT": 0.3,
          "GLD": 0.1,
          "DBC": 0.1
        }
      },
      "name": "Aggressive_5050",
      "rets": [
        5.850603496914696,
        5.589862255544588,
        5.932954011834442,
        -3.1341250459259187,
        6.288614651490295,
        11.222813194776595,
        -3.206751248820989,
        16.213181295987948,
        12.493934130656225,
        13.084949161033169,
        -10.416228959446109,
        12.336843006859139,
        10.278964191739028,
        13.283404975171958
      ],
      "mean": 6.844215651272505,
      "median": 8.283789421614662,
      "compound": 143.91750502317913,
      "worst_dd": 1.5760458780116147,
      "n_pos": 11,
      "n_total": 14,
      "mean_sharpe": 1.2178406239479824,
      "bench_mean": 15.499493757423396,
      "excess_mean": -8.655278106150892
    },
    "Crypto_tilted_20pct": {
      "config": {
        "weights": {
          "SPY": 0.4,
          "TLT": 0.3,
          "GLD": 0.1,
          "BTC-USD": 0.2
        }
      },
      "name": "Crypto_tilted_20pct",
      "rets": [
        5.665487509583292,
        5.094864921531314,
        8.73590887906453,
        6.353739491441981,
        29.107099276421376,
        255.11642452959032,
        -16.03568712283518,
        28.69349577186449,
        69.12090567361297,
        18.97943891011038,
        -22.3000237824193,
        40.66770086520064,
        29.887767032927137,
        8.995566458939345
      ],
      "mean": 33.43447774393095,
      "median": 13.987502684524863,
      "compound": 1880.9531347338013,
      "worst_dd": 2.3305761406020786,
      "n_pos": 12,
      "n_total": 14,
      "mean_sharpe": 1.2561316165055505,
      "bench_mean": 15.499493757423396,
      "excess_mean": 17.934983986507554
    },
    "Crypto_tilted_momentum": {
      "config": {
        "weights": {
          "SPY": 0.4,
          "TLT": 0.3,
          "GLD": 0.1,
          "BTC-USD": 0.2
        },
        "momentum_overlay": true
      },
      "name": "Crypto_tilted_momentum",
      "rets": [
        5.665487509583292,
        5.094864921531314,
        8.73590887906453,
        6.353739491441981,
        29.107099276421376,
        255.11642452959032,
        -16.03568712283518,
        23.490263849257367,
        50.91266427115823,
        22.22842568981133,
        -18.31070283778263,
        37.417703633208,
        29.887767032927137,
        9.654732189797418
      ],
      "mean": 32.094192236655324,
      "median": 15.941578939804375,
      "compound": 1700.4875841315625,
      "worst_dd": 2.3305761406020786,
      "n_pos": 12,
      "n_total": 14,
      "mean_sharpe": 1.2436350995725558,
      "bench_mean": 15.499493757423396,
      "excess_mean": 16.59469847923193
    },
    "60_40_classic": {
      "config": {
        "weights": {
          "SPY": 0.6,
          "TLT": 0.4
        }
      },
      "name": "60_40_classic",
      "rets": [
        8.514097658869133,
        14.588277939492054,
        12.428163423358345,
        0.02391861160005817,
        6.793929607743916,
        13.757381314455348,
        -3.3411838468763735,
        20.11637636231722,
        13.225157985146744,
        15.650882550852296,
        -16.055892253121367,
        15.341260805520953,
        12.84920211476206,
        10.633536074744717
      ],
      "mean": 8.894650596347509,
      "median": 12.638682769060203,
      "compound": 212.19595300855923,
      "worst_dd": 1.3287877771234773,
      "n_pos": 12,
      "n_total": 14,
      "mean_sharpe": 1.3376174023058076,
      "bench_mean": 15.499493757423396,
      "excess_mean": -6.6048431610758875
    }
  }
}