{
  "BASELINE Sweet Spot (S1*2+S2+S4+S5) sans alt": {
    "annual_return_pct": 24.44560240512088,
    "total_return_pct": 645.6421151716988,
    "max_dd_pct": -50.89853076910361,
    "worst_monthly": -14.091550851183223,
    "positive_months_pct": 64.54545454545455,
    "final_value": 7456.421151716988
  },
  "Sweet Spot + ALT signals (full)": {
    "annual_return_pct": 14.532006236068074,
    "total_return_pct": 247.80205424804674,
    "max_dd_pct": -43.090312135305936,
    "worst_monthly": -11.935617612078369,
    "positive_months_pct": 61.81818181818181,
    "final_value": 3478.0205424804676
  },
  "Sweet Spot + ALT + DD STOP 15%": {
    "annual_return_pct": 15.207576250091837,
    "total_return_pct": 267.10987067705435,
    "max_dd_pct": -39.84793299983792,
    "worst_monthly": -11.935617612078369,
    "positive_months_pct": 61.81818181818181,
    "final_value": 3671.0987067705437
  },
  "Sweet Spot + ALT + DD STOP 12%": {
    "annual_return_pct": 12.726492896762686,
    "total_return_pct": 200.56417976325017,
    "max_dd_pct": -37.96020629998525,
    "worst_monthly": -12.082911226629795,
    "positive_months_pct": 60.0,
    "final_value": 3005.6417976325015
  },
  "Sweet Spot + ALT + DD STOP 20%": {
    "annual_return_pct": 14.532006236068074,
    "total_return_pct": 247.80205424804674,
    "max_dd_pct": -43.090312135305936,
    "worst_monthly": -11.935617612078369,
    "positive_months_pct": 61.81818181818181,
    "final_value": 3478.0205424804676
  },
  "Risk-on agressive (S1*3+S4*2+S3) + ALT + DD 15": {
    "annual_return_pct": 21.420585040781482,
    "total_return_pct": 494.7741387588176,
    "max_dd_pct": -42.255426719807076,
    "worst_monthly": -14.660769268344884,
    "positive_months_pct": 56.36363636363636,
    "final_value": 5947.741387588177
  },
  "Sweet Spot + ALT + DD 15 + BOOST S2 (3x defensive)": {
    "annual_return_pct": 11.983943551885744,
    "total_return_pct": 182.8588387786458,
    "max_dd_pct": -35.24321950228986,
    "worst_monthly": -9.40080826720964,
    "positive_months_pct": 61.81818181818181,
    "final_value": 2828.588387786458
  }
}