{
  "results": {
    "Classic_SPY_EFA_IEF": {
      "config": {
        "risk_assets": [
          "SPY",
          "EFA"
        ],
        "safe_asset": "IEF",
        "tbill_asset": "BIL"
      },
      "name": "Classic_SPY_EFA_IEF",
      "rets": [
        0.0,
        0.0,
        0.0,
        0.0,
        0.0,
        0.0,
        0.0,
        9.152182627761784,
        -6.975226147157662,
        29.790825992486592,
        -14.736933163624508,
        8.202019926401068,
        24.901605783885714,
        -3.328786928304464
      ],
      "mean": 3.35754914938918,
      "median": 0.0,
      "compound": 46.80354799133681,
      "worst_dd": NaN,
      "n_pos": 4,
      "n_total": 14,
      "mean_sharpe": 0.8125154965802048,
      "bench_mean": 15.616563405388408,
      "excess_mean": -12.25901425599923
    },
    "Extended_5asset": {
      "config": {
        "risk_assets": [
          "SPY",
          "QQQ",
          "EFA",
          "VWO"
        ],
        "safe_asset": "IEF",
        "tbill_asset": "BIL"
      },
      "name": "Extended_5asset",
      "rets": [
        0.0,
        0.0,
        0.0,
        0.0,
        0.0,
        0.0,
        0.0,
        9.261206178460816,
        45.16950387010459,
        23.310624135487874,
        -14.736933163624508,
        19.503788367315426,
        13.449076311833515,
        0.3361145386016688
      ],
      "mean": 6.878098588441385,
      "median": 0.0,
      "compound": 126.85206937599114,
      "worst_dd": NaN,
      "n_pos": 6,
      "n_total": 14,
      "mean_sharpe": 0.8649877029341846,
      "bench_mean": 15.616563405388408,
      "excess_mean": -8.738464816947022
    },
    "WithGold_TLT": {
      "config": {
        "risk_assets": [
          "SPY",
          "QQQ",
          "EFA",
          "GLD"
        ],
        "safe_asset": "TLT",
        "tbill_asset": "BIL"
      },
      "name": "WithGold_TLT",
      "rets": [
        0.0,
        0.0,
        0.0,
        0.0,
        0.0,
        0.0,
        0.0,
        8.511011241161214,
        32.09556942822224,
        23.310624135487874,
        -22.766895478924436,
        28.332842567923876,
        12.837159422303296,
        60.59810382648732
      ],
      "mean": 10.208458224475814,
      "median": 0.0,
      "compound": 217.4654169447897,
      "worst_dd": NaN,
      "n_pos": 6,
      "n_total": 14,
      "mean_sharpe": 1.4932597291603718,
      "bench_mean": 15.616563405388408,
      "excess_mean": -5.408105180912594
    },
    "Lookback_6m": {
      "config": {
        "risk_assets": [
          "SPY",
          "QQQ",
          "EFA",
          "VWO"
        ],
        "safe_asset": "IEF",
        "tbill_asset": "BIL",
        "lookback_days": 126
      },
      "name": "Lookback_6m",
      "rets": [
        -0.20415058834382765,
        -2.572040270719151,
        3.990525652439646,
        0.5490981006995639,
        -7.537408523075863,
        -0.1714423218531124,
        2.3432955588514233,
        9.1553352184941,
        45.16950387010459,
        23.310624135487874,
        -14.736933163624508,
        19.503788367315426,
        13.449076311833515,
        0.3361145386016688
      ],
      "mean": 6.613241920443668,
      "median": 1.4461968297754937,
      "compound": 117.65568635701528,
      "worst_dd": 2.08035921770409,
      "n_pos": 9,
      "n_total": 14,
      "mean_sharpe": 0.37543662753213336,
      "bench_mean": 15.616563405388408,
      "excess_mean": -9.00332148494474
    },
    "Lookback_3m": {
      "config": {
        "risk_assets": [
          "SPY",
          "QQQ",
          "EFA",
          "VWO"
        ],
        "safe_asset": "IEF",
        "tbill_asset": "BIL",
        "lookback_days": 63
      },
      "name": "Lookback_3m",
      "rets": [
        5.5483069890340175,
        -7.53187352096702,
        6.069537492910672,
        -1.9141814842749114,
        -4.617793336021703,
        0.6034410268674492,
        2.7086657727812056,
        9.1553352184941,
        45.16950387010459,
        23.310624135487874,
        -14.736933163624508,
        19.503788367315426,
        13.449076311833515,
        0.3361145386016688
      ],
      "mean": 6.9324008727530275,
      "median": 4.128486380907612,
      "compound": 126.80323083130097,
      "worst_dd": 2.080359217704081,
      "n_pos": 10,
      "n_total": 14,
      "mean_sharpe": 0.5147141856171703,
      "bench_mean": 15.616563405388408,
      "excess_mean": -8.68416253263538
    },
    "CryptoAdaptation_BTC_ETH": {
      "config": {
        "risk_assets": [
          "BTC-USD",
          "ETH-USD"
        ],
        "safe_asset": "IEF",
        "tbill_asset": "BIL"
      },
      "name": "CryptoAdaptation_BTC_ETH",
      "rets": [
        3.1897154843007343,
        20.65144574586652,
        236.95393316788395,
        -34.61575484004691,
        54.85073074801284,
        38.149874774419914,
        -17.59288380292992
      ],
      "mean": 43.08386589678673,
      "median": 20.65144574586652,
      "compound": 383.54963633691614,
      "worst_dd": 1.7292633989333297,
      "n_pos": 5,
      "n_total": 7,
      "mean_sharpe": 0.6933083949788273,
      "bench_mean": 95.13191809114024,
      "excess_mean": -52.0480521943535
    }
  }
}