{
  "indices": {
    "total_return_pct": -20.92887914627919,
    "annual_return_pct": 0.0,
    "sharpe": -0.5355413558154062,
    "max_dd_pct": 29.018418185776312,
    "n_trades": 498,
    "bh_total_pct": 125.70163922663599,
    "excess_total_pct": -146.6305183729152
  },
  "crypto": {
    "total_return_pct": -33.45988693936344,
    "annual_return_pct": 0.0,
    "sharpe": -0.5866974164338634,
    "max_dd_pct": 51.79597822957127,
    "n_trades": 30,
    "bh_total_pct": -47.32742422884907,
    "excess_total_pct": 13.867537289485625
  }
}