{
  "top5": [
    {
      "fitness": 224.1741038002492,
      "config": {
        "mom_lookback": 97,
        "top_n": 4,
        "rebal_days": 22,
        "sma_filter_len": 222,
        "stop_pct": 19,
        "min_mom_pct": -3,
        "use_rsi_filter": 0,
        "rsi_max": 78,
        "use_macd_filter": 0,
        "use_bb_filter": 0,
        "bb_pos_max": 0.8126123022601448,
        "regime_filter_asset": "BTC-USD"
      },
      "meta": {
        "compound": 2022.0669857742234,
        "mean": 522.0730214784187,
        "median": 12.625181026489582,
        "worst_dd": 15.981969763804974,
        "pos_ratio": 0.6,
        "mean_sharpe": 0.29071682781742936,
        "avg_trades_per_year": 23.8,
        "rets": [
          2618.7343466755856,
          -16.296470828109317,
          12.625181026489582,
          33.09185524632848,
          -37.78980472820084
        ]
      }
    },
    {
      "fitness": 223.93121734621676,
      "config": {
        "mom_lookback": 97,
        "top_n": 4,
        "rebal_days": 22,
        "sma_filter_len": 224,
        "stop_pct": 19,
        "min_mom_pct": 13,
        "use_rsi_filter": 0,
        "rsi_max": 77,
        "use_macd_filter": 0,
        "use_bb_filter": 0,
        "bb_pos_max": 0.8126123022601448,
        "regime_filter_asset": "BTC-USD"
      },
      "meta": {
        "compound": 2063.242924901231,
        "mean": 517.2742234890507,
        "median": 6.9667457029125845,
        "worst_dd": 15.981969763804974,
        "pos_ratio": 0.6,
        "mean_sharpe": 0.3176466168283544,
        "avg_trades_per_year": 21.6,
        "rets": [
          2591.7474830154947,
          -16.296470828109317,
          6.9667457029125845,
          39.703786423194245,
          -35.75042686823904
        ]
      }
    },
    {
      "fitness": 223.93121734621676,
      "config": {
        "mom_lookback": 97,
        "top_n": 4,
        "rebal_days": 22,
        "sma_filter_len": 224,
        "stop_pct": 19,
        "min_mom_pct": 13,
        "use_rsi_filter": 0,
        "rsi_max": 77,
        "use_macd_filter": 0,
        "use_bb_filter": 0,
        "bb_pos_max": 0.8126123022601448,
        "regime_filter_asset": "BTC-USD"
      },
      "meta": {
        "compound": 2063.242924901231,
        "mean": 517.2742234890507,
        "median": 6.9667457029125845,
        "worst_dd": 15.981969763804974,
        "pos_ratio": 0.6,
        "mean_sharpe": 0.3176466168283544,
        "avg_trades_per_year": 21.6,
        "rets": [
          2591.7474830154947,
          -16.296470828109317,
          6.9667457029125845,
          39.703786423194245,
          -35.75042686823904
        ]
      }
    },
    {
      "fitness": 223.93121734621676,
      "config": {
        "mom_lookback": 97,
        "top_n": 4,
        "rebal_days": 22,
        "sma_filter_len": 224,
        "stop_pct": 19,
        "min_mom_pct": 13,
        "use_rsi_filter": 0,
        "rsi_max": 77,
        "use_macd_filter": 0,
        "use_bb_filter": 0,
        "bb_pos_max": 0.6381235910422096,
        "regime_filter_asset": "BTC-USD"
      },
      "meta": {
        "compound": 2063.242924901231,
        "mean": 517.2742234890507,
        "median": 6.9667457029125845,
        "worst_dd": 15.981969763804974,
        "pos_ratio": 0.6,
        "mean_sharpe": 0.3176466168283544,
        "avg_trades_per_year": 21.6,
        "rets": [
          2591.7474830154947,
          -16.296470828109317,
          6.9667457029125845,
          39.703786423194245,
          -35.75042686823904
        ]
      }
    },
    {
      "fitness": 223.93121734621676,
      "config": {
        "mom_lookback": 97,
        "top_n": 4,
        "rebal_days": 22,
        "sma_filter_len": 224,
        "stop_pct": 19,
        "min_mom_pct": 13,
        "use_rsi_filter": 0,
        "rsi_max": 77,
        "use_macd_filter": 0,
        "use_bb_filter": 0,
        "bb_pos_max": 0.6381235910422096,
        "regime_filter_asset": "BTC-USD"
      },
      "meta": {
        "compound": 2063.242924901231,
        "mean": 517.2742234890507,
        "median": 6.9667457029125845,
        "worst_dd": 15.981969763804974,
        "pos_ratio": 0.6,
        "mean_sharpe": 0.3176466168283544,
        "avg_trades_per_year": 21.6,
        "rets": [
          2591.7474830154947,
          -16.296470828109317,
          6.9667457029125845,
          39.703786423194245,
          -35.75042686823904
        ]
      }
    }
  ],
  "history": [
    {
      "gen": 0,
      "best_fit": 133.45750512121865,
      "best_meta": {
        "compound": 1739.6648438883449,
        "mean": 214.8861873876249,
        "median": 10.664219200075445,
        "worst_dd": 4.072096683615359,
        "pos_ratio": 0.6,
        "mean_sharpe": 0.5268103803571276,
        "avg_trades_per_year": 26.6,
        "rets": [
          1010.9166770137633,
          -4.006700565587261,
          58.51451069741367,
          10.664219200075445,
          -1.6577694075407223
        ]
      }
    },
    {
      "gen": 1,
      "best_fit": 133.45750512121865,
      "best_meta": {
        "compound": 1739.6648438883449,
        "mean": 214.8861873876249,
        "median": 10.664219200075445,
        "worst_dd": 4.072096683615359,
        "pos_ratio": 0.6,
        "mean_sharpe": 0.5268103803571276,
        "avg_trades_per_year": 26.6,
        "rets": [
          1010.9166770137633,
          -4.006700565587261,
          58.51451069741367,
          10.664219200075445,
          -1.6577694075407223
        ]
      }
    },
    {
      "gen": 2,
      "best_fit": 138.68435659754164,
      "best_meta": {
        "compound": 1423.424456922164,
        "mean": 321.58044575862607,
        "median": 29.80955057268962,
        "worst_dd": 15.29837711066078,
        "pos_ratio": 0.6,
        "mean_sharpe": 0.25588634060382415,
        "avg_trades_per_year": 34.0,
        "rets": [
          1600.153087806772,
          -15.604532587189254,
          29.80955057268962,
          31.206079682921516,
          -37.66195668206368
        ]
      }
    },
    {
      "gen": 3,
      "best_fit": 171.87252353599834,
      "best_meta": {
        "compound": 3575.1949234344393,
        "mean": 382.1003569823418,
        "median": 28.440944543639773,
        "worst_dd": 22.897232984633384,
        "pos_ratio": 0.6,
        "mean_sharpe": 0.9656165171465428,
        "avg_trades_per_year": 27.8,
        "rets": [
          1826.1707321350746,
          0.0,
          66.8630907824728,
          28.440944543639773,
          -10.972982549477976
        ]
      }
    },
    {
      "gen": 4,
      "best_fit": 222.58028133268778,
      "best_meta": {
        "compound": 1939.685471657748,
        "mean": 521.0396602673668,
        "median": 12.625181026489582,
        "worst_dd": 15.981969763804974,
        "pos_ratio": 0.6,
        "mean_sharpe": 0.2738006165746325,
        "avg_trades_per_year": 24.0,
        "rets": [
          2618.7343466755856,
          -16.296470828109317,
          12.625181026489582,
          27.925049191069544,
          -37.78980472820084
        ]
      }
    },
    {
      "gen": 5,
      "best_fit": 222.58028133268778,
      "best_meta": {
        "compound": 1939.685471657748,
        "mean": 521.0396602673668,
        "median": 12.625181026489582,
        "worst_dd": 15.981969763804974,
        "pos_ratio": 0.6,
        "mean_sharpe": 0.2738006165746325,
        "avg_trades_per_year": 24.0,
        "rets": [
          2618.7343466755856,
          -16.296470828109317,
          12.625181026489582,
          27.925049191069544,
          -37.78980472820084
        ]
      }
    },
    {
      "gen": 6,
      "best_fit": 222.58028133268778,
      "best_meta": {
        "compound": 1939.685471657748,
        "mean": 521.0396602673668,
        "median": 12.625181026489582,
        "worst_dd": 15.981969763804974,
        "pos_ratio": 0.6,
        "mean_sharpe": 0.2738006165746325,
        "avg_trades_per_year": 24.0,