{
  "TQQQ_0%": {
    "tqqq_pct": 0,
    "baseline": {
      "annual_return_pct": 27.042802082184615,
      "max_dd_pct": -43.144646695795,
      "final_value": 9014.426222442613
    },
    "monte_carlo": {
      "n_iters": 100,
      "annual_median": -0.6212678916289627,
      "annual_mean": 1.1957379257695215,
      "annual_p5": -5.6421802485386126,
      "annual_p95": 12.870051067176137,
      "p_profit": 0.42,
      "p_above_15": 0.05,
      "p_above_20": 0.04,
      "dd_median": -70.24764251355637,
      "dd_worst": -92.20305675883084,
      "dd_p5": -91.3030570436035
    },
    "verdict": "FRAGILE"
  },
  "TQQQ_15%": {
    "tqqq_pct": 15,
    "baseline": {
      "annual_return_pct": 27.493189678652353,
      "max_dd_pct": -43.1600102763142,
      "final_value": 9312.301742558791
    },
    "monte_carlo": {
      "n_iters": 100,
      "annual_median": -0.5669408042915602,
      "annual_mean": 1.3340861963006858,
      "annual_p5": -6.765235296523763,
      "annual_p95": 13.739246329914817,
      "p_profit": 0.46,
      "p_above_15": 0.04,
      "p_above_20": 0.04,
      "dd_median": -71.9904898067218,
      "dd_worst": -92.75759555449159,
      "dd_p5": -91.79159159803523
    },
    "verdict": "FRAGILE"
  },
  "TQQQ_25%": {
    "tqqq_pct": 25,
    "baseline": {
      "annual_return_pct": 28.05934038392013,
      "max_dd_pct": -43.05345739431198,
      "final_value": 9699.166106932089
    },
    "monte_carlo": {
      "n_iters": 100,
      "annual_median": -0.07223130985603565,
      "annual_mean": 1.4882045221249007,
      "annual_p5": -7.033557433683224,
      "annual_p95": 13.814893274013496,
      "p_profit": 0.49,
      "p_above_15": 0.04,
      "p_above_20": 0.04,
      "dd_median": -73.76040041510066,
      "dd_worst": -92.37374281466812,
      "dd_p5": -91.70431696450834
    },
    "verdict": "FRAGILE"
  },
  "TQQQ_35%": {
    "tqqq_pct": 35,
    "baseline": {
      "annual_return_pct": 28.02800248244828,
      "max_dd_pct": -44.54624580581,
      "final_value": 9677.383567111247
    },
    "monte_carlo": {
      "n_iters": 100,
      "annual_median": -0.005869807133962457,
      "annual_mean": 1.4935537572944582,
      "annual_p5": -7.327760806757468,
      "annual_p95": 13.781583022145025,
      "p_profit": 0.5,
      "p_above_15": 0.04,
      "p_above_20": 0.04,
      "dd_median": -72.67939603955776,
      "dd_worst": -92.56862583255024,
      "dd_p5": -91.99112418113823
    },
    "verdict": "FRAGILE"
  },
  "TQQQ_50%": {
    "tqqq_pct": 50,
    "baseline": {
      "annual_return_pct": 29.154541730935502,
      "max_dd_pct": -43.92260036363784,
      "final_value": 10488.41789189531
    },
    "monte_carlo": {
      "n_iters": 100,
      "annual_median": 0.34585637917303735,
      "annual_mean": 1.6906667393031913,
      "annual_p5": -7.3980549528785335,
      "annual_p95": 14.809056422269112,
      "p_profit": 0.53,
      "p_above_15": 0.05,
      "p_above_20": 0.04,
      "dd_median": -75.73786444318782,
      "dd_worst": -93.1232520235582,
      "dd_p5": -92.20231035197864
    },
    "verdict": "FRAGILE"
  }
}