{
  "universe": "crypto_10",
  "years": [
    2019,
    2020,
    2021,
    2022,
    2023,
    2024,
    2025
  ],
  "summaries": {
    "bh_btc": {
      "label": "bh_btc",
      "n_years": 7,
      "mean_return": 94.06340498330214,
      "median_return": 86.30701038899777,
      "mean_dd": 42.74099384298345,
      "worst_dd": 20.0577733429132,
      "mean_sharpe": 1.0529718933870704,
      "n_positive": 5,
      "n_beat_bh": 0,
      "mean_bh": 95.13191809114024,
      "mean_excess": -1.0685131078380872,
      "compound_total_pct": 2121.5617100962713
    },
    "sma200_btc": {
      "label": "sma200_btc",
      "n_years": 7,
      "mean_return": 49.52624385757634,
      "median_return": 48.62005659015269,
      "mean_dd": NaN,
      "worst_dd": 18.695382600654284,
      "mean_sharpe": Infinity,
      "n_positive": 4,
      "n_beat_bh": 1,
      "mean_bh": 95.13191809114024,
      "mean_excess": -45.605674233563896,
      "compound_total_pct": 866.3047660883497
    },
    "rotation_btc_eth": {
      "label": "rotation_btc_eth",
      "n_years": 7,
      "mean_return": 26.55830281350735,
      "median_return": 20.470957762095825,
      "mean_dd": NaN,
      "worst_dd": 6.617601146228093,
      "mean_sharpe": Infinity,
      "n_positive": 6,
      "n_beat_bh": 2,
      "mean_bh": 95.13191809114024,
      "mean_excess": -68.57361527763288,
      "compound_total_pct": 376.24329281642935
    },
    "momentum_topN": {
      "label": "momentum_topN",
      "n_years": 7,
      "mean_return": 167.10264428955898,
      "median_return": 90.8944335983693,
      "mean_dd": 36.867744635287316,
      "worst_dd": 24.800565425122503,
      "mean_sharpe": 1.1441686686097337,
      "n_positive": 4,
      "n_beat_bh": 3,
      "mean_bh": 95.13191809114024,
      "mean_excess": 71.97072619841875,
      "compound_total_pct": 6320.751753709
    },
    "dual_momentum": {
      "label": "dual_momentum",
      "n_years": 7,
      "mean_return": 713.5151142255638,
      "median_return": 14.801242067535508,
      "mean_dd": 60.219839527331395,
      "worst_dd": 27.063038985727704,
      "mean_sharpe": 0.5115524676918721,
      "n_positive": 4,
      "n_beat_bh": 1,
      "mean_bh": 95.13191809114024,
      "mean_excess": 618.3831961344237,
      "compound_total_pct": 1014.027947624009
    }
  },
  "detail": {
    "bh_btc": {
      "2019": {
        "total_return_pct": 86.30701038899777,
        "annual_return_pct": 0.0,
        "sharpe": 1.249162435167808,
        "sortino": 1.9761892239764598,
        "calmar": 1.755524829920935,
        "max_dd_pct": 48.982813000684764,
        "win_rate_pct": NaN,
        "profit_factor": NaN,
        "n_trades": 1,
        "avg_trade_pct": 0.0,
        "bh_return_pct": 87.3328167881996,
        "excess_pct": -1.0258063992018265
      },
      "2020": {
        "total_return_pct": 305.7305088566069,
        "annual_return_pct": 0.0,
        "sharpe": 2.3268229601700963,
        "sortino": 3.3009697888979663,
        "calmar": 5.835630299240469,
        "max_dd_pct": 51.86169126186414,
        "win_rate_pct": NaN,
        "profit_factor": NaN,
        "n_trades": 1,
        "avg_trade_pct": 0.0,
        "bh_return_pct": 307.96446103837144,
        "excess_pct": -2.2339521817645505
      },
      "2021": {
        "total_return_pct": 61.45380508074556,
        "annual_return_pct": 0.0,
        "sharpe": 0.994901870898322,
        "sortino": 1.4884173095746311,
        "calmar": 1.1541742272219213,
        "max_dd_pct": 53.06185040984174,
        "win_rate_pct": NaN,
        "profit_factor": NaN,
        "n_trades": 1,
        "avg_trade_pct": 0.0,
        "bh_return_pct": 62.34276973152018,
        "excess_pct": -0.8889646507746178
      },
      "2022": {
        "total_return_pct": -65.32784900673143,
        "annual_return_pct": 0.0,
        "sharpe": -1.3443880317219188,
        "sortino": -1.7665025054111378,
        "calmar": -0.9750880450344555,
        "max_dd_pct": 66.89381539248927,
        "win_rate_pct": NaN,
        "profit_factor": NaN,
        "n_trades": 1,
        "avg_trade_pct": 0.0,
        "bh_return_pct": -65.13694414336248,
        "excess_pct": -0.1909048633689423
      },
      "2023": {
        "total_return_pct": 164.2121309554787,
        "annual_return_pct": 0.0,
        "sharpe": 2.425121923067209,
        "sortino": 4.2754981654453506,
        "calmar": 8.1520357129046,
        "max_dd_pct": 20.0577733429132,
        "win_rate_pct": NaN,
        "profit_factor": NaN,
        "n_trades": 1,
        "avg_trade_pct": 0.0,
        "bh_return_pct": 165.66688294851963,
        "excess_pct": -1.4547519930409294
      },
      "2024": {
        "total_return_pct": 112.60675043280695,
        "annual_return_pct": 0.0,
        "sharpe": 1.6715809897292864,
        "sortino": 2.6932042244583836,
        "calmar": 4.267606994147821,
        "max_dd_pct": 26.18203300847661,
        "win_rate_pct": NaN,
        "profit_factor": NaN,
        "n_trades": 1,
        "avg_trade_pct": 0.0,
        "bh_return_pct": 113.77736320068999,
        "excess_pct": -1.1706127678830427
      },
      "2025": {
        "total_return_pct": -6.538521824789427,
        "annual_return_pct": 0.0,
        "sharpe": 0.04760110639868993,
        "sortino": 0.06825996380661495,
        "calmar": -0.202857392123943,
        "max_dd_pct": 32.14698048461441,
        "win_rate_pct": NaN,
        "profit_factor": NaN,
        "n_trades": 1,
        "avg_trade_pct": 0.0,
        "bh_return_pct": -6.023922925956726,
        "excess_pct": -0.514598898832701
      }
    },
    "sma200_btc": {
      "2019": {
        "total_return_pct": 56.39501686729784,
        "annual_return_pct": 0.0,
        "sharpe": 1.076106808544222,
        "sortino": 1.6142498727308559,
        "calmar": 1.367260473072816,
        "max_dd_pct": 41.107042785238065,
        "win_rate_pct": 50.0,
        "profit_factor": 5.437885309923348,
        "n_trades": 2,
        "avg_trade_pct": 0.0,
        "bh_return_pct": 87.3328167881996,
        "excess_pct": -30.937799920901753
      },
      "2020": {
        "total_return_pct": 178.78260630746533,
        "annual_return_pct": 0.0,
        "sharpe": 2.3652366823179216,
        "sortino": 3.7572331023265404,
        "calmar": 6.83294592201431,
        "max_dd_pct": 25.937468397686246,
        "win_rate_pct": 0.0,
        "profit_factor": 0.0,
        "n_trades": 2,
        "avg_trade_pct": 0.0,
        "bh_return_pct": 307.96446103837144,
        "excess_pct": -129.1818547309061
      },
      "2021": {
        "total_return_pct": -10.490000294735182,
        "annual_return_pct": 0.0,
        "sharpe": 0.18152463021721968,
        "sortino": 0.2628429046341764,
        "calmar": -0.17925645703133786,
        "max_dd_pct": 58.368295067233035,
        "win_rate_pct": 20.0,
        "profit_factor": 0.7094104411281417,
        "n_trades": 5,
        "avg_trade_pct": 0.0,
        "bh_return_pct": 62.34276973152018,
        "excess_pct": -72.83277002625536
      },
      "2022": {
        "total_return_pct": 0.0,
        "annual_return_pct": 0.0,
        "sharpe": Infinity,
        "sortino": Infinity,
        "calmar": NaN,
        "max_dd_pct": NaN,
        "win_rate_pct": NaN,
        "profit_factor": NaN,
        "n_trades": 0,
        "avg_trade_pct": 0.0,
        "bh_return_pct": -65.13694414336248,
        "excess_pct": 65.13694414336248
      },
      "2023": {
        "total_return_pct": 81.67193549068463,
        "annual_return_pct": 0.0,
        "sharpe": 1.6600397043801902,
        "sortino": 2.8491979473132982,
        "calmar": 4.352723291683302,
        "max_dd_pct": 18.695382600654284,
        "win_rate_pct": 100.0,
        "profit_factor": Infinity,
        "n_trades": 2,
        "avg_trade_pct": 0.0,
        "bh_return_pct": 165.66688294851963,
        "excess_pct": -83.994947457835
      },
      "2024": {
        "total_return_pct": 48.62005659015269,
        "annual_return_pct": 0.0,
        "sharpe": 1.0616736001274856,