{
  "top5": [
    {
      "fitness": 25.761080308168076,
      "config": {
        "mom_lookback": 90,
        "top_n": 2,
        "rebal_days": 29,
        "sma_filter_len": 73,
        "stop_pct": 7,
        "min_mom_pct": 17,
        "use_rsi_filter": 0,
        "rsi_max": 79,
        "use_macd_filter": 0,
        "use_bb_filter": 0,
        "bb_pos_max": 0.5132273260173515,
        "regime_filter_asset": "SPY"
      },
      "meta": {
        "compound": 365.8634740733329,
        "mean": 23.372707704728587,
        "median": 18.527906045750544,
        "worst_dd": 3.160230892832272,
        "pos_ratio": 0.875,
        "mean_sharpe": 1.1770005884492074,
        "avg_trades_per_year": 7.75,
        "rets": [
          2.5591209609541474,
          11.88785784801717,
          65.88718826005521,
          33.30746080246654,
          -6.224867083058183,
          25.16795424348392,
          50.41176100838878,
          3.985185597521121
        ]
      }
    },
    {
      "fitness": 25.761080308168076,
      "config": {
        "mom_lookback": 90,
        "top_n": 2,
        "rebal_days": 29,
        "sma_filter_len": 73,
        "stop_pct": 7,
        "min_mom_pct": 17,
        "use_rsi_filter": 0,
        "rsi_max": 79,
        "use_macd_filter": 0,
        "use_bb_filter": 0,
        "bb_pos_max": 0.5132273260173515,
        "regime_filter_asset": "SPY"
      },
      "meta": {
        "compound": 365.8634740733329,
        "mean": 23.372707704728587,
        "median": 18.527906045750544,
        "worst_dd": 3.160230892832272,
        "pos_ratio": 0.875,
        "mean_sharpe": 1.1770005884492074,
        "avg_trades_per_year": 7.75,
        "rets": [
          2.5591209609541474,
          11.88785784801717,
          65.88718826005521,
          33.30746080246654,
          -6.224867083058183,
          25.16795424348392,
          50.41176100838878,
          3.985185597521121
        ]
      }
    },
    {
      "fitness": 25.761080308168076,
      "config": {
        "mom_lookback": 90,
        "top_n": 2,
        "rebal_days": 29,
        "sma_filter_len": 73,
        "stop_pct": 7,
        "min_mom_pct": 17,
        "use_rsi_filter": 0,
        "rsi_max": 78,
        "use_macd_filter": 0,
        "use_bb_filter": 0,
        "bb_pos_max": 0.5132273260173515,
        "regime_filter_asset": "SPY"
      },
      "meta": {
        "compound": 365.8634740733329,
        "mean": 23.372707704728587,
        "median": 18.527906045750544,
        "worst_dd": 3.160230892832272,
        "pos_ratio": 0.875,
        "mean_sharpe": 1.1770005884492074,
        "avg_trades_per_year": 7.75,
        "rets": [
          2.5591209609541474,
          11.88785784801717,
          65.88718826005521,
          33.30746080246654,
          -6.224867083058183,
          25.16795424348392,
          50.41176100838878,
          3.985185597521121
        ]
      }
    },
    {
      "fitness": 25.761080308168076,
      "config": {
        "mom_lookback": 90,
        "top_n": 2,
        "rebal_days": 29,
        "sma_filter_len": 73,
        "stop_pct": 7,
        "min_mom_pct": 17,
        "use_rsi_filter": 0,
        "rsi_max": 79,
        "use_macd_filter": 0,
        "use_bb_filter": 0,
        "bb_pos_max": 0.5132273260173515,
        "regime_filter_asset": "SPY"
      },
      "meta": {
        "compound": 365.8634740733329,
        "mean": 23.372707704728587,
        "median": 18.527906045750544,
        "worst_dd": 3.160230892832272,
        "pos_ratio": 0.875,
        "mean_sharpe": 1.1770005884492074,
        "avg_trades_per_year": 7.75,
        "rets": [
          2.5591209609541474,
          11.88785784801717,
          65.88718826005521,
          33.30746080246654,
          -6.224867083058183,
          25.16795424348392,
          50.41176100838878,
          3.985185597521121
        ]
      }
    },
    {
      "fitness": 25.761080308168076,
      "config": {
        "mom_lookback": 90,
        "top_n": 2,
        "rebal_days": 29,
        "sma_filter_len": 73,
        "stop_pct": 7,
        "min_mom_pct": 17,
        "use_rsi_filter": 0,
        "rsi_max": 78,
        "use_macd_filter": 0,
        "use_bb_filter": 0,
        "bb_pos_max": 0.5132273260173515,
        "regime_filter_asset": "SPY"
      },
      "meta": {
        "compound": 365.8634740733329,
        "mean": 23.372707704728587,
        "median": 18.527906045750544,
        "worst_dd": 3.160230892832272,
        "pos_ratio": 0.875,
        "mean_sharpe": 1.1770005884492074,
        "avg_trades_per_year": 7.75,
        "rets": [
          2.5591209609541474,
          11.88785784801717,
          65.88718826005521,
          33.30746080246654,
          -6.224867083058183,
          25.16795424348392,
          50.41176100838878,
          3.985185597521121
        ]
      }
    }
  ],
  "history": [
    {
      "gen": 0,
      "best_fit": 19.099400739232788,
      "best_meta": {
        "compound": 348.5659598119226,
        "mean": 25.421360077541305,
        "median": 10.824956056829883,
        "worst_dd": 7.684375728901435,
        "pos_ratio": 0.75,
        "mean_sharpe": 0.7750353322754175,
        "avg_trades_per_year": 9.375,
        "rets": [
          -8.067268139752363,
          11.82052419441669,
          90.30511411984969,
          9.829387919243079,
          -13.737245430509807,
          7.388449469202521,
          82.01719696948714,
          23.814721518393483
        ]
      }
    },
    {
      "gen": 1,
      "best_fit": 19.099400739232788,
      "best_meta": {
        "compound": 348.5659598119226,
        "mean": 25.421360077541305,
        "median": 10.824956056829883,
        "worst_dd": 7.684375728901435,
        "pos_ratio": 0.75,
        "mean_sharpe": 0.7750353322754175,
        "avg_trades_per_year": 9.375,
        "rets": [
          -8.067268139752363,
          11.82052419441669,
          90.30511411984969,
          9.829387919243079,
          -13.737245430509807,
          7.388449469202521,
          82.01719696948714,
          23.814721518393483
        ]
      }
    },
    {
      "gen": 2,
      "best_fit": 19.099400739232788,
      "best_meta": {
        "compound": 348.5659598119226,
        "mean": 25.421360077541305,
        "median": 10.824956056829883,
        "worst_dd": 7.684375728901435,
        "pos_ratio": 0.75,
        "mean_sharpe": 0.7750353322754175,
        "avg_trades_per_year": 9.375,
        "rets": [
          -8.067268139752363,
          11.82052419441669,
          90.30511411984969,
          9.829387919243079,
          -13.737245430509807,
          7.388449469202521,
          82.01719696948714,
          23.814721518393483
        ]
      }
    },
    {
      "gen": 3,
      "best_fit": 23.00325029768074,
      "best_meta": {
        "compound": 470.97894043274493,
        "mean": 30.56903447911789,
        "median": 23.2764793221628,
        "worst_dd": 8.677902365128523,
        "pos_ratio": 0.75,
        "mean_sharpe": 0.8806916181889315,
        "avg_trades_per_year": 16.125,
        "rets": [
          -3.9064882447612423,
          12.427516006185046,
          115.45171802428523,
          34.125442638140555,
          -27.059734021041535,
          51.0293291087403,
          56.190262505716824,
          6.294229815677921
        ]
      }
    },
    {
      "gen": 4,
      "best_fit": 24.420129670990168,
      "best_meta": {
        "compound": 337.2526211150238,
        "mean": 22.633780820482915,
        "median": 18.07783878475564,
        "worst_dd": 3.160230892832272,
        "pos_ratio": 0.875,
        "mean_sharpe": 1.0888422221411294,
        "avg_trades_per_year": 8.375,
        "rets": [
          2.5591209609541474,
          9.18621970053451,
          65.88718826005521,
          33.30746080246654,
          -10.129505417541095,
          26.969457868976775,
          50.41176100838878,
          2.8785433800284608
        ]
      }
    },
    {
      "gen": 5,