{
  "META3_baseline": {
    "mix50": {
      "annual_return_pct": 23.05241070427142,
      "max_dd_pct": -33.18656402375477,
      "final_value": 6723.782562569406
    },
    "mc": {
      "annual_median": 23.41448438336243,
      "annual_p5": 10.101140504115447,
      "p_profit": 1.0,
      "p_above_15": 0.82,
      "p_above_10": 0.96,
      "dd_worst": -58.481083131644496,
      "dd_median": -29.58640553818315
    }
  },
  "META4_sector_top3_60j": {
    "mix50": {
      "annual_return_pct": 20.15578334593957,
      "max_dd_pct": -31.22553512242962,
      "final_value": 5402.255592418591
    },
    "mc": {
      "annual_median": 20.50968814899393,
      "annual_p5": 8.524643421659796,
      "p_profit": 1.0,
      "p_above_15": 0.71,
      "p_above_10": 0.91,
      "dd_worst": -55.428520352129404,
      "dd_median": -28.23076689336279
    }
  },
  "META4_sector_top2_90j": {
    "mix50": {
      "annual_return_pct": 20.096514222490924,
      "max_dd_pct": -31.01267362314286,
      "final_value": 5377.825073862683
    },
    "mc": {
      "annual_median": 20.337072232276434,
      "annual_p5": 8.403682080512016,
      "p_profit": 1.0,
      "p_above_15": 0.72,
      "p_above_10": 0.91,
      "dd_worst": -55.41071393196122,
      "dd_median": -28.33232259839411
    }
  },
  "META4_CTA_5assets": {
    "mix50": {
      "annual_return_pct": 20.374215497001845,
      "max_dd_pct": -30.176909028336375,
      "final_value": 5493.148744402618
    },
    "mc": {
      "annual_median": 20.677061510155113,
      "annual_p5": 8.941704967067428,
      "p_profit": 1.0,
      "p_above_15": 0.74,
      "p_above_10": 0.92,
      "dd_worst": -53.39195270192516,
      "dd_median": -27.327108002289336
    }
  },
  "META4_CTA_7assets": {
    "mix50": {
      "annual_return_pct": 20.436360686134236,
      "max_dd_pct": -30.421389344073805,
      "final_value": 5519.256153754942
    },
    "mc": {
      "annual_median": 20.719571288622937,
      "annual_p5": 9.030020351318429,
      "p_profit": 1.0,
      "p_above_15": 0.75,
      "p_above_10": 0.92,
      "dd_worst": -53.468506888958686,
      "dd_median": -27.42004772847614
    }
  },
  "META4_CTA+TQQQ": {
    "mix50": {
      "annual_return_pct": 20.669678763478917,
      "max_dd_pct": -29.796173107755035,
      "final_value": 5618.263618025003
    },
    "mc": {
      "annual_median": 20.931939106868214,
      "annual_p5": 9.476892050744887,
      "p_profit": 1.0,
      "p_above_15": 0.78,
      "p_above_10": 0.93,
      "dd_worst": -52.84699825814657,
      "dd_median": -27.063749330691177
    }
  },
  "META4_GoldMinerNUGT": {
    "mix50": {
      "annual_return_pct": 19.935058470614607,
      "max_dd_pct": -32.3811220492099,
      "final_value": 5311.772234903434
    },
    "mc": {
      "annual_median": 19.955751294255883,
      "annual_p5": 8.264665757307304,
      "p_profit": 1.0,
      "p_above_15": 0.69,
      "p_above_10": 0.91,
      "dd_worst": -59.08655472634457,
      "dd_median": -30.649239450739547
    }
  }
}