{
  "2008_2010": {
    "bh_safe": {
      "annual_return_pct": 2.3745739425060197,
      "max_dd_pct": -28.440782399878923,
      "final_value": 1073.0421133245145
    }
  },
  "2010_2014": {
    "period": "2010-2014 PRE-CRYPTO (leverage OK)",
    "bh_safe": {
      "annual_return_pct": 12.884708489998431,
      "max_dd_pct": -7.113060797650135,
      "final_value": 1771.5191200588051
    },
    "meta": {
      "annual_return_pct": 19.95784173196924,
      "max_dd_pct": -22.62466657148715,
      "final_value": 2359.810940338947
    },
    "mix_50_50": {
      "annual_return_pct": 16.620441082310556,
      "max_dd_pct": -14.13803934853553,
      "final_value": 2065.6650301988766
    },
    "mc": {
      "annual_median": 16.49633690855019,
      "annual_p5": 7.715829515251587,
      "p_profit": 1.0,
      "p_above_15": 0.59,
      "p_above_10": 0.88,
      "dd_worst": -32.349926645373195,
      "dd_median": -13.776130096618017
    }
  },
  "2015_2019": {
    "period": "2015-2019 PRE-COVID",
    "bh_safe": {
      "annual_return_pct": 5.826947266653626,
      "max_dd_pct": -10.191084874156417,
      "final_value": 1507.7278127131967
    },
    "meta": {
      "annual_return_pct": 7.29904774376382,
      "max_dd_pct": -27.950570542672644,
      "final_value": 1666.5564965797146
    },
    "mix_50_50": {
      "annual_return_pct": 6.578879123809145,
      "max_dd_pct": -20.209139209829267,
      "final_value": 1587.1421546464558
    },
    "mc": {
      "annual_median": 6.137304074444994,
      "annual_p5": 0.49158397807626214,
      "p_profit": 0.96,
      "p_above_15": 0.02,
      "p_above_10": 0.15,
      "dd_worst": -42.769128632628444,
      "dd_median": -21.1112856360688
    }
  },
  "2019_2025": {
    "period": "2019-2025 REF (winner periode)",
    "bh_safe": {
      "annual_return_pct": 6.637478279891296,
      "max_dd_pct": -25.299883387597568,
      "final_value": 1804.6550874891054
    },
    "meta": {
      "annual_return_pct": 30.63105896704128,
      "max_dd_pct": -38.18982690990205,
      "final_value": 11642.91189086867
    },
    "mix_50_50": {
      "annual_return_pct": 23.052412550233292,
      "max_dd_pct": -33.18657457230247,
      "final_value": 6723.783489178889
    },
    "mc": {
      "annual_median": 23.414483302861655,
      "annual_p5": 10.10113922785002,
      "p_profit": 1.0,
      "p_above_15": 0.82,
      "p_above_10": 0.96,
      "dd_worst": -58.481092036601325,
      "dd_median": -29.586405998152685
    }
  }
}