{
  "TQQQ-mix + DD STOP 12% / 30j": {
    "full": {
      "final_value": 4943.3452884771505,
      "annual_return_pct": 8.742217479463598,
      "total_return_pct": 394.33452884771503,
      "max_dd_pct": -41.34080393065478,
      "max_monthly_loss": -12.149218300860513,
      "worst_3_monthly_avg": -11.110283011694934,
      "n_years": 19.067460317460316
    },
    "recent_2022_2025": {
      "final_value": 1054.732720995738,
      "annual_return_pct": 0.9227278581502629,
      "total_return_pct": 5.473272099573796,
      "max_dd_pct": -27.543602103400723,
      "max_monthly_loss": -8.883020567228812,
      "worst_3_monthly_avg": -7.5862393424636,
      "n_years": 5.801587301587301
    }
  },
  "TQQQ-mix + DD STOP 8% / 30j": {
    "full": {
      "final_value": 3592.5536353454872,
      "annual_return_pct": 6.937081969508285,
      "total_return_pct": 259.25536353454874,
      "max_dd_pct": -34.421368895899896,
      "max_monthly_loss": -9.41057214550241,
      "worst_3_monthly_avg": -9.193398450874557,
      "n_years": 19.067460317460316
    },
    "recent_2022_2025": {
      "final_value": 1037.7357632349797,
      "annual_return_pct": 0.6405090002308045,
      "total_return_pct": 3.7735763234979687,
      "max_dd_pct": -23.632758682782175,
      "max_monthly_loss": -8.883029229551406,
      "worst_3_monthly_avg": -7.2616183420833265,
      "n_years": 5.801587301587301
    }
  },
  "TQQQ-mix + VOL TARGET 15%": {
    "full": {
      "final_value": 5294.659506287723,
      "annual_return_pct": 9.13447239376941,
      "total_return_pct": 429.4659506287723,
      "max_dd_pct": -36.643907633483146,
      "max_monthly_loss": -10.603113830344157,
      "worst_3_monthly_avg": -10.100087633778712,
      "n_years": 19.067460317460316
    },
    "recent_2022_2025": {
      "final_value": 1474.5584799713802,
      "annual_return_pct": 6.923138787094563,
      "total_return_pct": 47.455847997138015,
      "max_dd_pct": -18.045879428726742,
      "max_monthly_loss": -5.521239021114888,
      "worst_3_monthly_avg": -5.294506747713007,
      "n_years": 5.801587301587301
    }
  },
  "TQQQ-mix + VOL TARGET 12%": {
    "full": {
      "final_value": 5840.86210399165,
      "annual_return_pct": 9.697862921501677,
      "total_return_pct": 484.08621039916494,
      "max_dd_pct": -32.55109440676929,
      "max_monthly_loss": -8.732707496833703,
      "worst_3_monthly_avg": -8.386597042259835,
      "n_years": 19.067460317460316
    },
    "recent_2022_2025": {
      "final_value": 1411.7058331449973,
      "annual_return_pct": 6.123338380499321,
      "total_return_pct": 41.17058331449973,
      "max_dd_pct": -14.782107681310219,
      "max_monthly_loss": -8.054708122102095,
      "worst_3_monthly_avg": -5.963282914313344,
      "n_years": 5.801587301587301
    }
  },
  "TQQQ-mix + VT 15% + DD STOP 12%": {
    "full": {
      "final_value": 5039.832812505332,
      "annual_return_pct": 8.852516424504199,
      "total_return_pct": 403.9832812505332,
      "max_dd_pct": -34.35760261898601,
      "max_monthly_loss": -12.305062590646875,
      "worst_3_monthly_avg": -10.898512720506142,
      "n_years": 19.067460317460316
    },
    "recent_2022_2025": {
      "final_value": 1393.416883939965,
      "annual_return_pct": 5.8850794803632756,
      "total_return_pct": 39.34168839399649,
      "max_dd_pct": -18.045879428726742,
      "max_monthly_loss": -7.504177520501126,
      "worst_3_monthly_avg": -6.078226177588995,
      "n_years": 5.801587301587301
    }
  },
  "TQQQ-mix + VT 10% + DD STOP 8%": {
    "full": {
      "final_value": 5440.325580275031,
      "annual_return_pct": 9.289922793840644,
      "total_return_pct": 444.0325580275031,
      "max_dd_pct": -25.637959503992068,
      "max_monthly_loss": -9.410572145502407,
      "worst_3_monthly_avg": -8.26383687347898,
      "n_years": 19.067460317460316
    },
    "recent_2022_2025": {
      "final_value": 1382.7366928736394,
      "annual_return_pct": 5.744743946458253,
      "total_return_pct": 38.273669287363944,
      "max_dd_pct": -12.491220179388096,
      "max_monthly_loss": -6.70026392566628,
      "worst_3_monthly_avg": -5.127789935155616,
      "n_years": 5.801587301587301
    }
  },
  "TQQQ 40 + TLT 30 + BTC 20 + GLD 10 + REGIME SMA50 + VT 15": {
    "full": {
      "final_value": 7613.6936212520595,
      "annual_return_pct": 11.233498356175486,
      "total_return_pct": 661.369362125206,
      "max_dd_pct": -40.01870287330935,
      "max_monthly_loss": -16.67494904907589,
      "worst_3_monthly_avg": -13.635222571921508,
      "n_years": 19.067460317460316
    },
    "recent_2022_2025": {
      "final_value": 1327.029468719986,
      "annual_return_pct": 4.997874629053123,
      "total_return_pct": 32.70294687199859,
      "max_dd_pct": -26.55761145745878,
      "max_monthly_loss": -10.426665728006045,
      "worst_3_monthly_avg": -8.827823272160261,
      "n_years": 5.801587301587301
    }
  },
  "TQQQ 50 + TLT 30 + BTC 20 + REGIME + VT 12 + DD STOP 10": {
    "full": {
      "final_value": 5774.582701945652,
      "annual_return_pct": 9.632225305480247,
      "total_return_pct": 477.4582701945652,
      "max_dd_pct": -34.05009784376939,
      "max_monthly_loss": -11.946008753825366,
      "worst_3_monthly_avg": -11.345442518886246,
      "n_years": 19.067460317460316
    },
    "recent_2022_2025": {
      "final_value": 1133.7890256547707,
      "annual_return_pct": 2.1879153340510937,
      "total_return_pct": 13.378902565477075,
      "max_dd_pct": -27.48301227777523,
      "max_monthly_loss": -11.065179934070263,
      "worst_3_monthly_avg": -10.795011359771275,
      "n_years": 5.801587301587301
    }
  },
  "CORE 60SPY + 30TQQQ + 10BTC, vol 15": {
    "full": {
      "final_value": 4718.505637086693,
      "annual_return_pct": 8.477064634426501,
      "total_return_pct": 371.8505637086693,
      "max_dd_pct": -38.468684219888274,
      "max_monthly_loss": -15.779164442574576,
      "worst_3_monthly_avg": -13.437856526246023,
      "n_years": 19.067460317460316
    },
    "recent_2022_2025": {
      "final_value": 1204.0592057964482,
      "annual_return_pct": 3.2525999259606975,
      "total_return_pct": 20.405920579644818,
      "max_dd_pct": -25.936673534277226,
      "max_monthly_loss": -10.504679934931625,
      "worst_3_monthly_avg": -9.288659345997662,
      "n_years": 5.801587301587301
    }
  },
  "CORE 50SPY + 30TQQQ + 20BTC + DD STOP 10": {
    "full": {
      "final_value": 3591.8982699206363,
      "annual_return_pct": 6.936058786590649,
      "total_return_pct": 259.1898269920636,
      "max_dd_pct": -38.06739076141979,
      "max_monthly_loss": -14.9367806127144,
      "worst_3_monthly_avg": -12.630294381704578,
      "n_years": 19.067460317460316
    },
    "recent_2022_2025": {
      "final_value": 1308.1685746543626,
      "annual_return_pct": 4.739122205948965,
      "total_return_pct": 30.81685746543626,
      "max_dd_pct": -32.74143468919662,
      "max_monthly_loss": -11.444577647842392,
      "worst_3_monthly_avg": -10.894431675515236,
      "n_years": 5.801587301587301
    }
  }
}