{
  "indices": {
    "solo": {
      "momentum_short": {
        "mean": 7.88259809072103,
        "median": 10.873933122180194,
        "compound": 46.38776174040591,
        "worst_dd": 8.195407888265832,
        "n_pos": 4,
        "n_total": 6,
        "rets": [
          25.49927966086136,
          6.7904976366724865,
          -17.678015576625256,
          26.44949483356574,
          14.9573686076879,
          -8.723036617836046
        ]
      },
      "momentum_mid": {
        "mean": 9.424845246802642,
        "median": 6.327177981762171,
        "compound": 60.742406982772515,
        "worst_dd": 5.731238017990564,
        "n_pos": 4,
        "n_total": 6,
        "rets": [
          33.66329445597094,
          8.545412297020064,
          -12.36778962473328,
          26.913393170441935,
          4.1089436665042784,
          -4.3141824843880885
        ]
      },
      "momentum_long": {
        "mean": 14.40306349107639,
        "median": 18.28368468751367,
        "compound": 100.33290635633341,
        "worst_dd": 7.0771637029230146,
        "n_pos": 5,
        "n_total": 6,
        "rets": [
          44.092661358721905,
          21.684189358121753,
          -25.308276666851302,
          9.382437521438643,
          20.780088528879165,
          15.787280846148178
        ]
      }
    },
    "ensemble_2_of_3": {
      "mean": 9.656494380447475,
      "median": 11.01706871744815,
      "compound": 62.71337552230764,
      "worst_dd": 8.613269903683697,
      "n_pos": 4,
      "n_total": 6,
      "rets": [
        26.9176390027837,
        9.942539535810312,
        -11.81294884345312,
        30.18780190715641,
        12.091597899085988,
        -9.38766321869843
      ]
    },
    "ensemble_3_of_3": {
      "mean": 24.633922277347324,
      "median": 16.04821381300982,
      "compound": 132.20466959014462,
      "worst_dd": 10.895090962080149,
      "n_pos": 4,
      "n_total": 6,
      "rets": [
        132.4594671156286,
        31.228600926786772,
        -32.15654501417167,
        4.297519084557499,
        -15.824416990179449,
        27.79890854146214
      ]
    }
  },
  "crypto": {
    "solo": {
      "crypto_short": {
        "mean": 139.52798554836167,
        "median": 35.913428336422754,
        "compound": 1484.11464854721,
        "worst_dd": 25.9649898016818,
        "n_pos": 4,
        "n_total": 6,
        "rets": [
          67.06565987602313,
          730.8549223990647,
          -28.842701076023364,
          76.67835671224952,
          4.761196796822375,
          -13.349521417966306
        ]
      },
      "crypto_mid": {
        "mean": 139.04434732817393,
        "median": 57.74343370346043,
        "compound": 2201.6306312993756,
        "worst_dd": 24.52001670854225,
        "n_pos": 4,
        "n_total": 6,
        "rets": [
          132.8179913317222,
          634.7964258389263,
          -25.066346974429756,
          94.2150999713016,
          21.271767435619264,
          -23.76885363409599
        ]
      },
      "crypto_long": {
        "mean": 105.11538401986864,
        "median": 41.679435856361415,
        "compound": 1497.909375337407,
        "worst_dd": 11.35859480714862,
        "n_pos": 4,
        "n_total": 6,
        "rets": [
          61.21915924865156,
          504.3481190900466,
          -11.35859480714863,
          56.011543456199774,
          27.347328256523056,
          -6.875251125060535
        ]
      }
    },
    "ensemble_2_of_3": {
      "mean": 149.8804096241311,
      "median": 43.94135164812768,
      "compound": 1987.6894214510262,
      "worst_dd": 33.45851403222739,
      "n_pos": 4,
      "n_total": 6,
      "rets": [
        86.11651823982785,
        715.7936613404976,
        -21.425409194766818,
        147.57603913226666,
        1.76618505642751,
        -30.54453682946616
      ]
    },
    "ensemble_3_of_3": {
      "mean": 43.614326875490214,
      "median": 34.855051545268175,
      "compound": 594.6211492403589,
      "worst_dd": 9.163681801551911,
      "n_pos": 5,
      "n_total": 6,
      "rets": [
        29.733278533721393,
        73.13705714615575,
        -9.163681801551919,
        114.74447497306764,
        39.97682455681496,
        13.258007844733449
      ]
    }
  }
}