{
  "results": {
    "Clenow_baseline": {
      "config": {
        "name": "Clenow_baseline",
        "regression_window": 90,
        "top_n": 10,
        "rebal_days": 5,
        "r2_threshold": 0.3
      },
      "rets": [
        -0.19199716628012098,
        5.709284920494791,
        5.178855413872161,
        -2.1189321294066006,
        7.912117666829717,
        0.9797938423680609,
        -4.795548556486287,
        16.553191952161956,
        9.361622912713724,
        28.937131147238404,
        -16.358842738947175,
        17.72106538335107,
        31.228367019868774,
        6.253367594729463
      ],
      "mean": 7.597819804464853,
      "median": 5.981326257612126,
      "compound": 154.2607687182549,
      "worst_dd": 2.2142395250106714,
      "n_pos": 10,
      "n_total": 14,
      "mean_sharpe": 0.6238162102679462
    },
    "Clenow_top5": {
      "config": {
        "name": "Clenow_top5",
        "regression_window": 90,
        "top_n": 5,
        "rebal_days": 5,
        "r2_threshold": 0.3
      },
      "rets": [
        1.4584511572053696,
        6.592605205377218,
        3.1483552725845763,
        0.3586622115865737,
        11.757428438312326,
        -1.4367488871220078,
        -4.524081816289467,
        21.022990085189118,
        12.642723588580045,
        21.122131210030375,
        -22.69464937788194,
        20.124312328037366,
        49.04849542327218,
        0.053811712044657616
      ],
      "mean": 8.476749039351883,
      "median": 4.870480238980897,
      "compound": 169.22412168914454,
      "worst_dd": 3.7613611052815377,
      "n_pos": 11,
      "n_total": 14,
      "mean_sharpe": 0.5497377536491658
    },
    "Clenow_180j": {
      "config": {
        "name": "Clenow_180j",
        "regression_window": 180,
        "top_n": 10,
        "rebal_days": 21,
        "r2_threshold": 0.3
      },
      "rets": [
        -1.386860127676446,
        6.027965769250018,
        1.952352107834763,
        -2.6770139667098753,
        4.95571484902759,
        0.9283228981157721,
        -2.0694280446239404,
        9.534854610194065,
        8.676633188572051,
        30.24877582385368,
        -21.26566889314338,
        12.125503077590299,
        24.73703877814032,
        7.636001222175586
      ],
      "mean": 5.673156520900035,
      "median": 5.491840309138804,
      "compound": 97.78302885026689,
      "worst_dd": 1.6362506834573423,
      "n_pos": 10,
      "n_total": 14,
      "mean_sharpe": 0.4592432830821075
    },
    "Clenow_strict_r2": {
      "config": {
        "name": "Clenow_strict_r2",
        "regression_window": 90,
        "top_n": 10,
        "rebal_days": 5,
        "r2_threshold": 0.5
      },
      "rets": [
        -0.19199716628012098,
        5.709284920494791,
        3.7046885374892717,
        -1.6066085869876492,
        7.754275209669799,
        0.9797938423680609,
        -4.899944115468269,
        16.26786048267059,
        9.159274576712372,
        28.937131147238404,
        -17.219415291059263,
        19.37823653264487,
        29.782787607086046,
        4.055175549304411
      ],
      "mean": 7.2721816604202365,
      "median": 4.882230234899601,
      "compound": 143.29060685467533,
      "worst_dd": 2.2142395250106714,
      "n_pos": 10,
      "n_total": 14,
      "mean_sharpe": 0.5857200858623656
    },
    "Clenow_monthly": {
      "config": {
        "name": "Clenow_monthly",
        "regression_window": 90,
        "top_n": 10,
        "rebal_days": 21,
        "r2_threshold": 0.3
      },
      "rets": [
        1.7061143740935043,
        4.313653676752659,
        2.595815446784997,
        -1.927963932652589,
        8.556900497991176,
        1.7703826426457323,
        -1.9133158541970587,
        14.857005558087577,
        9.58675382382546,
        28.355798722914287,
        -17.34193567692438,
        13.171559139305078,
        30.2186423661746,
        3.8706074612387273
      ],
      "mean": 6.987144160431413,
      "median": 4.092130568995693,
      "compound": 136.46744835813772,
      "worst_dd": 1.7714796757851123,
      "n_pos": 11,
      "n_total": 14,
      "mean_sharpe": 0.5943743977453241
    }
  },
  "spy_bench": {
    "mean": 15.616554000078533,
    "compound": 580.7165989743152
  }
}